<simulation>
  <seed>30711</seed>
  <timeStepsPerHour>60</timeStepsPerHour>
  <beginMonth>1</beginMonth>
  <endMonth>1</endMonth>
  <beginDay>1</beginDay>
  <endDay>7</endDay>
  <save>1</save>
  <learnupdate>1</learnupdate>
  <learnep>0.01</learnep>
  <GridCost>1.0, 1.0, 1.0, 1.0, 1.0, 1.0, 1.0, 1.0, 1.0, 1.0, 1.0, 1.0, 1.0, 1.0, 1.0, 1.0, 1.0, 1.0, 1.0, 1.0, 1.0, 1.0, 1.0, 1.0</GridCost>
  <buildings>
    <building>
          <zone>
              <name>Block1:Kitchen</name>
              <activities>Cooking,Cleaning</activities>
              <groundFloor>0</groundFloor>
              <windowCount>1</windowCount>
          </zone>
          <zone>
              <name>Block1:LivingRoom</name>
              <activities>AudioVisual,Metabolic,Passive</activities>
              <groundFloor>0</groundFloor>
              <windowCount>1</windowCount>
          </zone>
          <zone>
              <name>Block2:Bathroom</name>
              <activities>Washing,WashingAppliance</activities>
              <groundFloor>0</groundFloor>
              <windowCount>1</windowCount>
          </zone>
          <zone>
              <name>Block2:MasterBedroom</name>
              <activities>Sleep</activities>
              <groundFloor>0</groundFloor>
              <windowCount>1</windowCount>
          </zone>
          <zone>
              <name>Block2:Office</name>
              <activities>IT</activities>
              <groundFloor>0</groundFloor>
              <windowCount>1</windowCount>
          </zone>
      <Appliances>
        <Large>
          <id>1</id>
          <priority>0.1,0.1,0.1,0.1,0.1,0.1,0.1,1,0.1,0.1,0.1,0.1,0.1,0.1,0.1,0.1,0.1,0.1,0.1,0.1,0.1,0.1,0.1,0.1</priority>
          <epsilon>0.1</epsilon>
          <alpha>0.1</alpha>
          <gamma>0.1</gamma>
          <updateQTable>1</updateQTable>
          <activities>WashingAppliance</activities>
        </Large>
        <pv>
          <id>10</id>
          <priority>0</priority>
          <filename>PV_single_profile.csv</filename>
          <cost>0.002,0.002,0.002,0.002,0.002,0.002,0.002,0.002,0.002,0.002,0.002,0.002,0.002,0.002,0.002,0.002,0.002,0.002,0.002,0.002,0.002,0.002,0.002,0.002</cost>
        </pv>
        <csv>
          <id>11</id>
          <priority>100</priority>
          <demand>HeatingPower.csv</demand>
          <cost>0.2,0.2,0.2,0.2,0.2,0.2,0.2,0.2,0.2,0.0,0.2,0.2,0.2,0.2,0.2,0.2,0.2,0.2,0.2,0.2,0.2,0.2,0.2,0.2</cost>
        </csv>
        <FMIx>
          <id>11</id>
          <priority>0</priority>
          <variablename>HVACPower</variablename>
        </FMIx>
        <Large>
          <id>0</id>
          <priority>0</priority>
        </Large>
        <Large>
          <id>2</id>
          <priority>2</priority>
        </Large>
        <Large>
          <id>3</id>
          <priority>3</priority>
        </Large>
        <Large>
          <id>4</id>
          <priority>4</priority>
        </Large>
        <Large>
          <id>5</id>
          <priority>5</priority>
        </Large>
        <Small>
          <id>6</id>
          <priority>6</priority>
          <WeibullParameters>weibull_parameters_audiovisual.csv</WeibullParameters>
          <StateProbabilities>state_probability_audiovisual.csv</StateProbabilities>
          <Fractions>mean_fractional_audiovisual.csv</Fractions>
          <SumRatedPowers>sum_rated_av.txt</SumRatedPowers>
        </Small>
        <Small>
          <id>7</id>
          <priority>7</priority>
          <WeibullParameters>weibull_parameters_other.csv</WeibullParameters>
          <StateProbabilities>state_probability_other.csv</StateProbabilities>
          <Fractions>mean_fractional_other.csv</Fractions>
          <SumRatedPowers>sum_rated_oth.txt</SumRatedPowers>
        </Small>
        <Small>
          <id>8</id>
          <priority>8</priority>
          <WeibullParameters>weibull_parameters_computing.csv</WeibullParameters>
          <StateProbabilities>state_probability_computing.csv</StateProbabilities>
          <Fractions>mean_fractional_computing.csv</Fractions>
          <SumRatedPowers>sum_rated_comp.txt</SumRatedPowers>
        </Small>
        <Small>
          <id>9</id>
          <priority>9</priority>
          <WeibullParameters>weibull_parameters_kitchen.csv</WeibullParameters>
          <StateProbabilities>state_probability_kitchen.csv</StateProbabilities>
          <Fractions>mean_fractional_kitchen.csv</Fractions>
          <SumRatedPowers>sum_rated_kit.txt</SumRatedPowers>
        </Small>
      </Appliances>
      <agents>
        <agent>
          <shade>1</shade>
          <window>1</window>
          <office>Block1:Zone1</office>
          <power>0.5</power>
          <age>age3</age>
          <computer>computer1</computer>
          <civstat>civstat1</civstat>
          <unemp>unemp0</unemp>
          <retired>retired0</retired>
          <edtry>edtry3</edtry>
          <famstat>famstat0</famstat>
          <sex>sex2</sex>
          <bedroom>Block2:MasterBedroom</bedroom>
          <profile>
            <file>Activity.xml</file>
          </profile>
        </agent>
        <agent>
          <shade>1</shade>
          <window>1</window>
          <power>0.5</power>
          <office>Block1:Zone1</office>
          <age>age3</age>
          <computer>computer1</computer>
          <civstat>civstat1</civstat>
          <unemp>unemp0</unemp>
          <retired>retired0</retired>
          <edtry>edtry3</edtry>
          <famstat>famstat0</famstat>
          <sex>sex1</sex>
          <bedroom>Block2:MasterBedroom</bedroom>
          <profile>
            <file>Activity.xml</file>
          </profile>

        </agent>
      </agents>
    </building>

  </buildings>
  <models>
      <presencePage>0</presencePage>
      <shades>
        <enabled>0</enabled>
        <shade>
        <id>1</id>
        <name>001-28-X</name>
        <a01arr>-6.39</a01arr>
        <b01inarr>0.00141</b01inarr>
        <b01sarr>2.17</b01sarr>
        <a10arr>-2.71</a10arr>
        <b10inarr>-0.00364</b10inarr>
        <b10sarr>-3.139</b10sarr>
        <a01int>-6.66</a01int>
        <b01inint>0.00086</b01inint>
        <b01sint>1.27</b01sint>
        <a10int>-3.87</a10int>
        <b10inint>-0.00358</b10inint>
        <b10sint>-2.683</b10sint>
        <afullraise>0.435</afullraise>
        <boutfullraise>1.95</boutfullraise>
        <bsfullraise>-0.0000231</bsfullraise>
        <bsfulllower>0.00000091</bsfulllower>
        <boutfulllower>-2.23</boutfulllower>
        <afulllower>-0.27</afulllower>
        <aSFlower>-2.294</aSFlower>
        <bSFlower>1.522</bSFlower>
        <shapelower>1.708</shapelower>  </shade>
        <shade>
        <id>2</id>
        <name>001-17-30</name>
        <a01arr>-8.17</a01arr>
        <b01inarr>0.00183</b01inarr>
        <b01sarr>2.17</b01sarr>
        <a10arr>-1.49</a10arr>
        <b10inarr>-0.00334</b10inarr>
        <b10sarr>-3.139</b10sarr>
        <a01int>-7.83</a01int>
        <b01inint>0.00115</b01inint>
        <b01sint>1.27</b01sint>
        <a10int>-3.56</a10int>
        <b10inint>-0.00268</b10inint>
        <b10sint>-2.683</b10sint>
        <afullraise>0.435</afullraise>
        <boutfullraise>1.95</boutfullraise>
        <bsfullraise>-0.0000231</bsfullraise>
        <bsfulllower>0.00000091</bsfulllower>
        <boutfulllower>-2.23</boutfulllower>
        <afulllower>-0.27</afulllower>
        <aSFlower>-2.294</aSFlower>
        <bSFlower>1.522</bSFlower>
        <shapelower>1.708</shapelower> </shade>
        <shade>
        <id>3</id>
        <name>001-17-35</name>
        <a01arr>-4.98</a01arr>
        <b01inarr>0.00107</b01inarr>
        <b01sarr>2.17</b01sarr>
        <a10arr>-2.1</a10arr>
        <b10inarr>-0.00339</b10inarr>
        <b10sarr>-3.139</b10sarr>
        <a01int>-5.92</a01int>
        <b01inint>0.00081</b01inint>
        <b01sint>1.27</b01sint>
        <a10int>-3.78</a10int>
        <b10inint>-0.00223</b10inint>
        <b10sint>-2.683</b10sint>
        <afullraise>0.435</afullraise>
        <boutfullraise>1.95</boutfullraise>
        <bsfullraise>-0.0000231</bsfullraise>
        <bsfulllower>0.00000091</bsfulllower>
        <boutfulllower>-2.23</boutfulllower>
        <afulllower>-0.27</afulllower>
        <aSFlower>-2.294</aSFlower>
        <bSFlower>1.522</bSFlower>
        <shapelower>1.708</shapelower>  </shade>
        <shade>
        <id>4</id>
        <name>002-21-24</name>
        <a01arr>-6.39</a01arr>
        <b01inarr>0.001</b01inarr>
        <b01sarr>2.17</b01sarr>
        <a10arr>-0.38</a10arr>
        <b10inarr>-0.00449</b10inarr>
        <b10sarr>-3.139</b10sarr>
        <a01int>-6.96</a01int>
        <b01inint>0.00105</b01inint>
        <b01sint>1.27</b01sint>
        <a10int>-1.93</a10int>
        <b10inint>-0.00446</b10inint>
        <b10sint>-2.683</b10sint>
        <afullraise>0.435</afullraise>
        <boutfullraise>1.95</boutfullraise>
        <bsfullraise>-0.0000231</bsfullraise>
        <bsfulllower>0.00000091</bsfulllower>
        <boutfulllower>-2.23</boutfulllower>
        <afulllower>-0.27</afulllower>
        <aSFlower>-2.294</aSFlower>
        <bSFlower>1.522</bSFlower>
        <shapelower>1.708</shapelower>   </shade>
        <shade>
        <id>5</id>
        <name>002-16-25</name>
        <a01arr>18.07</a01arr>
        <b01inarr>0.00436</b01inarr>
        <b01sarr>2.17</b01sarr>
        <a10arr>-3.13</a10arr>
        <b10inarr>-0.00236</b10inarr>
        <b10sarr>-3.139</b10sarr>
        <a01int>-8.26</a01int>
        <b01inint>0.00093</b01inint>
        <b01sint>1.27</b01sint>
        <a10int>-4.87</a10int>
        <b10inint>-0.00232</b10inint>
        <b10sint>-2.683</b10sint>
        <afullraise>0.435</afullraise>
        <boutfullraise>1.95</boutfullraise>
        <bsfullraise>-0.0000231</bsfullraise>
        <bsfulllower>0.00000091</bsfulllower>
        <boutfulllower>-2.23</boutfulllower>
        <afulllower>-0.27</afulllower>
        <aSFlower>-2.294</aSFlower>
        <bSFlower>1.522</bSFlower>
        <shapelower>1.708</shapelower> </shade>
        <shade>
        <id>6</id>
        <name>002-01-16</name>
        <a01arr>-6.82</a01arr>
        <b01inarr>0.00122</b01inarr>
        <b01sarr>2.17</b01sarr>
        <a10arr>-1.53</a10arr>
        <b10inarr>-0.00284</b10inarr>
        <b10sarr>-3.139</b10sarr>
        <a01int>-7.87</a01int>
        <b01inint>0.00098</b01inint>
        <b01sint>1.27</b01sint>
        <a10int>-3.69</a10int>
        <b10inint>-0.00302</b10inint>
        <b10sint>-2.683</b10sint>
        <afullraise>0.435</afullraise>
        <boutfullraise>1.95</boutfullraise>
        <bsfullraise>-0.0000231</bsfullraise>
        <bsfulllower>0.00000091</bsfulllower>
        <boutfulllower>-2.23</boutfulllower>
        <afulllower>-0.27</afulllower>
        <aSFlower>-2.294</aSFlower>
        <bSFlower>1.522</bSFlower>
        <shapelower>1.708</shapelower> </shade>
        <shade>
        <id>7</id>
        <name>002-11-16</name>
        <a01arr>-8.59</a01arr>
        <b01inarr>0.00193</b01inarr>
        <b01sarr>2.17</b01sarr>
        <a10arr>-1.15</a10arr>
        <b10inarr>-0.00378</b10inarr>
        <b10sarr>-3.139</b10sarr>
        <a01int>-7.52</a01int>
        <b01inint>0.001</b01inint>
        <b01sint>1.27</b01sint>
        <a10int>-3.17</a10int>
        <b10inint>-0.00367</b10inint>
        <b10sint>-2.683</b10sint>
        <afullraise>0.435</afullraise>
        <boutfullraise>1.95</boutfullraise>
        <bsfullraise>-0.0000231</bsfullraise>
        <bsfulllower>0.00000091</bsfulllower>
        <boutfulllower>-2.23</boutfulllower>
        <afulllower>-0.27</afulllower>
        <aSFlower>-2.294</aSFlower>
        <bSFlower>1.522</bSFlower>
        <shapelower>1.708</shapelower>   </shade>
        <shade>
        <id>8</id>
        <name>003-07</name>
        <a01arr>-5.09</a01arr>
        <b01inarr>0.0013</b01inarr>
        <b01sarr>2.17</b01sarr>
        <a10arr>-0.85</a10arr>
        <b10inarr>-0.00408</b10inarr>
        <b10sarr>-3.139</b10sarr>
        <a01int>-6.47</a01int>
        <b01inint>0.00104</b01inint>
        <b01sint>1.27</b01sint>
        <a10int>-3.2</a10int>
        <b10inint>-0.00307</b10inint>
        <b10sint>-2.683</b10sint>
        <afullraise>0.435</afullraise>
        <boutfullraise>1.95</boutfullraise>
        <bsfullraise>-0.0000231</bsfullraise>
        <bsfulllower>0.00000091</bsfulllower>
        <boutfulllower>-2.23</boutfulllower>
        <afulllower>-0.27</afulllower>
        <aSFlower>-2.294</aSFlower>
        <bSFlower>1.522</bSFlower>
        <shapelower>1.708</shapelower>      </shade>
        <shade>
        <id>9</id>
        <name>004-26-36</name>
        <a01arr>-5.72</a01arr>
        <b01inarr>0.00104</b01inarr>
        <b01sarr>2.17</b01sarr>
        <a10arr>-1.6</a10arr>
        <b10inarr>-0.00342</b10inarr>
        <b10sarr>-3.139</b10sarr>
        <a01int>-6.71</a01int>
        <b01inint>0.00084</b01inint>
        <b01sint>1.27</b01sint>
        <a10int>-4.18</a10int>
        <b10inint>-0.00244</b10inint>
        <b10sint>-2.683</b10sint>
        <afullraise>0.435</afullraise>
        <boutfullraise>1.95</boutfullraise>
        <bsfullraise>-0.0000231</bsfullraise>
        <bsfulllower>0.00000091</bsfulllower>
        <boutfulllower>-2.23</boutfulllower>
        <afulllower>-0.27</afulllower>
        <aSFlower>-2.294</aSFlower>
        <bSFlower>1.522</bSFlower>
        <shapelower>1.708</shapelower>  </shade>
        <shade>
        <id>10</id>
        <name>101-22</name>
        <a01arr>-6.67</a01arr>
        <b01inarr>0.00123</b01inarr>
        <b01sarr>2.17</b01sarr>
        <a10arr>-4.63</a10arr>
        <b10inarr>-0.00369</b10inarr>
        <b10sarr>-3.139</b10sarr>
        <a01int>-7.15</a01int>
        <b01inint>0.00116</b01inint>
        <b01sint>1.27</b01sint>
        <a10int>-4.92</a10int>
        <b10inint>-0.00308</b10inint>
        <b10sint>-2.683</b10sint>
        <afullraise>0.435</afullraise>
        <boutfullraise>1.95</boutfullraise>
        <bsfullraise>-0.0000231</bsfullraise>
        <bsfulllower>0.00000091</bsfulllower>
        <boutfulllower>-2.23</boutfulllower>
        <afulllower>-0.27</afulllower>
        <aSFlower>-2.294</aSFlower>
        <bSFlower>1.522</bSFlower>
        <shapelower>1.708</shapelower>    </shade>
        <shade>
        <id>11</id>
        <name>103-03</name>
        <a01arr>-5.62</a01arr>
        <b01inarr>0.00154</b01inarr>
        <b01sarr>2.17</b01sarr>
        <a10arr>-1.12</a10arr>
        <b10inarr>-0.00378</b10inarr>
        <b10sarr>-3.139</b10sarr>
        <a01int>-6.39</a01int>
        <b01inint>0.0011</b01inint>
        <b01sint>1.27</b01sint>
        <a10int>-2.89</a10int>
        <b10inint>-0.00298</b10inint>
        <b10sint>-2.683</b10sint>
        <afullraise>0.435</afullraise>
        <boutfullraise>1.95</boutfullraise>
        <bsfullraise>-0.0000231</bsfullraise>
        <bsfulllower>0.00000091</bsfulllower>
        <boutfulllower>-2.23</boutfulllower>
        <afulllower>-0.27</afulllower>
        <aSFlower>-2.294</aSFlower>
        <bSFlower>1.522</bSFlower>
        <shapelower>1.708</shapelower>     </shade>
        <shade>
        <id>12</id>
        <name>103-42</name>
        <a01arr>-6.12</a01arr>
        <b01inarr>0.0015</b01inarr>
        <b01sarr>2.17</b01sarr>
        <a10arr>2.82</a10arr>
        <b10inarr>-0.0089</b10inarr>
        <b10sarr>-3.139</b10sarr>
        <a01int>-9.3</a01int>
        <b01inint>0.00208</b01inint>
        <b01sint>1.27</b01sint>
        <a10int>0.15</a10int>
        <b10inint>-0.00737</b10inint>
        <b10sint>-2.683</b10sint>
        <afullraise>0.435</afullraise>
        <boutfullraise>1.95</boutfullraise>
        <bsfullraise>-0.0000231</bsfullraise>
        <bsfulllower>0.00000091</bsfulllower>
        <boutfulllower>-2.23</boutfulllower>
        <afulllower>-0.27</afulllower>
        <aSFlower>-2.294</aSFlower>
        <bSFlower>1.522</bSFlower>
        <shapelower>1.708</shapelower>         </shade>
        <shade>
        <id>13</id>
        <name>103-29</name>
        <a01arr>-4.59</a01arr>
        <b01inarr>0.00113</b01inarr>
        <b01sarr>2.17</b01sarr>
        <a10arr>-2.1</a10arr>
        <b10inarr>-0.00315</b10inarr>
        <b10sarr>-3.139</b10sarr>
        <a01int>-7.07</a01int>
        <b01inint>0.00129</b01inint>
        <b01sint>1.27</b01sint>
        <a10int>-4.3</a10int>
        <b10inint>-0.00334</b10inint>
        <b10sint>-2.683</b10sint>
        <afullraise>0.435</afullraise>
        <boutfullraise>1.95</boutfullraise>
        <bsfullraise>-0.0000231</bsfullraise>
        <bsfulllower>0.00000091</bsfulllower>
        <boutfulllower>-2.23</boutfulllower>
        <afulllower>-0.27</afulllower>
        <aSFlower>-2.294</aSFlower>
        <bSFlower>1.522</bSFlower>
        <shapelower>1.708</shapelower>      </shade>
        <shade>
        <id>14</id>
        <name>104-19</name>
        <a01arr>-6.64</a01arr>
        <b01inarr>0.00165</b01inarr>
        <b01sarr>2.17</b01sarr>
        <a10arr>0.32</a10arr>
        <b10inarr>-0.00545</b10inarr>
        <b10sarr>-3.139</b10sarr>
        <a01int>-7.25</a01int>
        <b01inint>0.00138</b01inint>
        <b01sint>1.27</b01sint>
        <a10int>-1.36</a10int>
        <b10inint>-0.00486</b10inint>
        <b10sint>-2.683</b10sint>
        <afullraise>0.435</afullraise>
        <boutfullraise>1.95</boutfullraise>
        <bsfullraise>-0.0000231</bsfullraise>
        <bsfulllower>0.00000091</bsfulllower>
        <boutfulllower>-2.23</boutfulllower>
        <afulllower>-0.27</afulllower>
        <aSFlower>-2.294</aSFlower>
        <bSFlower>1.522</bSFlower>
        <shapelower>1.708</shapelower>     </shade>
        <shade>
        <id>15</id>
        <name>105-38</name>
        <a01arr>-8.59</a01arr>
        <b01inarr>0.0018</b01inarr>
        <b01sarr>2.17</b01sarr>
        <a10arr>-0.8</a10arr>
        <b10inarr>-0.00434</b10inarr>
        <b10sarr>-3.139</b10sarr>
        <a01int>-9.43</a01int>
        <b01inint>0.00147</b01inint>
        <b01sint>1.27</b01sint>
        <a10int>-3.07</a10int>
        <b10inint>-0.00322</b10inint>
        <b10sint>-2.683</b10sint>
        <afullraise>0.435</afullraise>
        <boutfullraise>1.95</boutfullraise>
        <bsfullraise>-0.0000231</bsfullraise>
        <bsfulllower>0.00000091</bsfulllower>
        <boutfulllower>-2.23</boutfulllower>
        <afulllower>-0.27</afulllower>
        <aSFlower>-2.294</aSFlower>
        <bSFlower>1.522</bSFlower>
        <shapelower>1.708</shapelower>      </shade>
        <shade>
        <id>16</id>
        <name>106-06-39</name>
        <a01arr>-5.57</a01arr>
        <b01inarr>0.00101</b01inarr>
        <b01sarr>2.17</b01sarr>
        <a10arr>-0.96</a10arr>
        <b10inarr>-0.00413</b10inarr>
        <b10sarr>-3.139</b10sarr>
        <a01int>-7.64</a01int>
        <b01inint>0.00087</b01inint>
        <b01sint>1.27</b01sint>
        <a10int>-3.96</a10int>
        <b10inint>-0.00312</b10inint>
        <b10sint>-2.683</b10sint>
        <afullraise>0.435</afullraise>
        <boutfullraise>1.95</boutfullraise>
        <bsfullraise>-0.0000231</bsfullraise>
        <bsfulllower>0.00000091</bsfulllower>
        <boutfulllower>-2.23</boutfulllower>
        <afulllower>-0.27</afulllower>
        <aSFlower>-2.294</aSFlower>
        <bSFlower>1.522</bSFlower>
        <shapelower>1.708</shapelower> </shade>
        <shade>
        <id>17</id>
        <name>201-31</name>
        <a01arr>-6.25</a01arr>
        <b01inarr>0.00107</b01inarr>
        <b01sarr>2.17</b01sarr>
        <a10arr>-0.49</a10arr>
        <b10inarr>-0.00612</b10inarr>
        <b10sarr>-3.139</b10sarr>
        <a01int>-8.04</a01int>
        <b01inint>0.00083</b01inint>
        <b01sint>1.27</b01sint>
        <a10int>-3.39</a10int>
        <b10inint>-0.00473</b10inint>
        <b10sint>-2.683</b10sint>
        <afullraise>0.435</afullraise>
        <boutfullraise>1.95</boutfullraise>
        <bsfullraise>-0.0000231</bsfullraise>
        <bsfulllower>0.00000091</bsfulllower>
        <boutfulllower>-2.23</boutfulllower>
        <afulllower>-0.27</afulllower>
        <aSFlower>-2.294</aSFlower>
        <bSFlower>1.522</bSFlower>
        <shapelower>1.708</shapelower>    </shade>
        <shade>
        <id>18</id>
        <name>202-05-33</name>
        <a01arr>-5.56</a01arr>
        <b01inarr>0.00088</b01inarr>
        <b01sarr>2.17</b01sarr>
        <a10arr>1.03</a10arr>
        <b10inarr>-0.00785</b10inarr>
        <b10sarr>-3.139</b10sarr>
        <a01int>-6.78</a01int>
        <b01inint>0.0007</b01inint>
        <b01sint>1.27</b01sint>
        <a10int>-1.05</a10int>
        <b10inint>-0.00666</b10inint>
        <b10sint>-2.683</b10sint>
        <afullraise>0.435</afullraise>
        <boutfullraise>1.95</boutfullraise>
        <bsfullraise>-0.0000231</bsfullraise>
        <bsfulllower>0.00000091</bsfulllower>
        <boutfulllower>-2.23</boutfulllower>
        <afulllower>-0.27</afulllower>
        <aSFlower>-2.294</aSFlower>
        <bSFlower>1.522</bSFlower>
        <shapelower>1.708</shapelower>   </shade>
        <shade>
        <id>19</id>
        <name>203-09</name>
        <a01arr>-4.99</a01arr>
        <b01inarr>0.00087</b01inarr>
        <b01sarr>2.17</b01sarr>
        <a10arr>1.7</a10arr>
        <b10inarr>-0.00756</b10inarr>
        <b10sarr>-3.139</b10sarr>
        <a01int>-6.56</a01int>
        <b01inint>0.00047</b01inint>
        <b01sint>1.27</b01sint>
        <a10int>-0.22</a10int>
        <b10inint>-0.00648</b10inint>
        <b10sint>-2.683</b10sint>
        <afullraise>0.435</afullraise>
        <boutfullraise>1.95</boutfullraise>
        <bsfullraise>-0.0000231</bsfullraise>
        <bsfulllower>0.00000091</bsfulllower>
        <boutfulllower>-2.23</boutfulllower>
        <afulllower>-0.27</afulllower>
        <aSFlower>-2.294</aSFlower>
        <bSFlower>1.522</bSFlower>
        <shapelower>1.708</shapelower>      </shade>
        <shade>
        <id>20</id>
        <name>203-08-14</name>
        <a01arr>-4.91</a01arr>
        <b01inarr>0.00019</b01inarr>
        <b01sarr>2.17</b01sarr>
        <a10arr>-3.98</a10arr>
        <b10inarr>-0.00223</b10inarr>
        <b10sarr>-3.139</b10sarr>
        <a01int>-6.53</a01int>
        <b01inint>0.00017</b01inint>
        <b01sint>1.27</b01sint>
        <a10int>-5.18</a10int>
        <b10inint>-0.00213</b10inint>
        <b10sint>-2.683</b10sint>
        <afullraise>0.435</afullraise>
        <boutfullraise>1.95</boutfullraise>
        <bsfullraise>-0.0000231</bsfullraise>
        <bsfulllower>0.00000091</bsfulllower>
        <boutfulllower>-2.23</boutfulllower>
        <afulllower>-0.27</afulllower>
        <aSFlower>-2.294</aSFlower>
        <bSFlower>1.522</bSFlower>
        <shapelower>1.708</shapelower> </shade>
        <shade>
        <id>21</id>
        <name>203-12-40</name>
        <a01arr>-5.94</a01arr>
        <b01inarr>-0.00001</b01inarr>
        <b01sarr>2.17</b01sarr>
        <a10arr>-2.7</a10arr>
        <b10inarr>-0.00436</b10inarr>
        <b10sarr>-3.139</b10sarr>
        <a01int>-6.83</a01int>
        <b01inint>0.00025</b01inint>
        <b01sint>1.27</b01sint>
        <a10int>-5.6</a10int>
        <b10inint>-0.00359</b10inint>
        <b10sint>-2.683</b10sint>
        <afullraise>0.435</afullraise>
        <boutfullraise>1.95</boutfullraise>
        <bsfullraise>-0.0000231</bsfullraise>
        <bsfulllower>0.00000091</bsfulllower>
        <boutfulllower>-2.23</boutfulllower>
        <afulllower>-0.27</afulllower>
        <aSFlower>-2.294</aSFlower>
        <bSFlower>1.522</bSFlower>
        <shapelower>1.708</shapelower>  </shade>
        <shade>
        <id>22</id>
        <name>204-18</name>
        <a01arr>-6.95</a01arr>
        <b01inarr>0.00179</b01inarr>
        <b01sarr>2.17</b01sarr>
        <a10arr>0.12</a10arr>
        <b10inarr>-0.00513</b10inarr>
        <b10sarr>-3.139</b10sarr>
        <a01int>-9.06</a01int>
        <b01inint>0.00181</b01inint>
        <b01sint>1.27</b01sint>
        <a10int>-2.26</a10int>
        <b10inint>-0.00358</b10inint>
        <b10sint>-2.683</b10sint>
        <afullraise>0.435</afullraise>
        <boutfullraise>1.95</boutfullraise>
        <bsfullraise>-0.0000231</bsfullraise>
        <bsfulllower>0.00000091</bsfulllower>
        <boutfulllower>-2.23</boutfulllower>
        <afulllower>-0.27</afulllower>
        <aSFlower>-2.294</aSFlower>
        <bSFlower>1.522</bSFlower>
        <shapelower>1.708</shapelower>     </shade>
        <shade>
        <id>23</id>
        <name>204-10</name>
        <a01arr>-6.17</a01arr>
        <b01inarr>0.00114</b01inarr>
        <b01sarr>2.17</b01sarr>
        <a10arr>1.2</a10arr>
        <b10inarr>-0.00674</b10inarr>
        <b10sarr>-3.139</b10sarr>
        <a01int>-7.67</a01int>
        <b01inint>0.00088</b01inint>
        <b01sint>1.27</b01sint>
        <a10int>-2.61</a10int>
        <b10inint>-0.0051</b10inint>
        <b10sint>-2.683</b10sint>
        <afullraise>0.435</afullraise>
        <boutfullraise>1.95</boutfullraise>
        <bsfullraise>-0.0000231</bsfullraise>
        <bsfulllower>0.00000091</bsfulllower>
        <boutfulllower>-2.23</boutfulllower>
        <afulllower>-0.27</afulllower>
        <aSFlower>-2.294</aSFlower>
        <bSFlower>1.522</bSFlower>
        <shapelower>1.708</shapelower>       </shade>

      </shades>
      <windows>
        <enabled>0</enabled>
        <window><id>1</id><aop>2.151</aop>
        <bopout>0.172</bopout>
        <shapeop>0.418</shapeop>
        <a01arr>-13.88</a01arr>
        <b01inarr>0.312</b01inarr>
        <b01outarr>0.0433</b01outarr>
        <b01absprevarr>1.862</b01absprevarr>
        <b01rnarr>-0.45</b01rnarr>
        <a01int>-12.23</a01int>
        <b01inint>0.281</b01inint>
        <b01outint>0.0271</b01outint>
        <b01presint>-0.000878</b01presint>
        <b01rnint>-0.336</b01rnint>
        <a01dep>-8.75</a01dep>
        <b01outdep>0.1371</b01outdep>
        <b01absdep>0.84</b01absdep>
        <b01gddep>0.83</b01gddep>
        <a10dep>-8.54</a10dep>
        <b10indep>0.213</b10indep>
        <b10outdep>-0.0911</b10outdep>
        <b10absdep>1.614</b10absdep>
        <b10gddep>-0.923</b10gddep>
         </window>
        <window><id>2</id><aop>2.151</aop>
        <bopout>0.172</bopout>
        <shapeop>0.418</shapeop>
        <a01arr>-13.9</a01arr>
        <b01inarr>0.39</b01inarr>
        <b01outarr>0.0433</b01outarr>
        <b01absprevarr>1.862</b01absprevarr>
        <b01rnarr>-0.45</b01rnarr>
        <a01int>-14.6</a01int>
        <b01inint>0.38</b01inint>
        <b01outint>0.0271</b01outint>
        <b01presint>-0.000878</b01presint>
        <b01rnint>-0.336</b01rnint>
        <a01dep>-8.4</a01dep>
        <b01outdep>0.08</b01outdep>
        <b01absdep>0.84</b01absdep>
        <b01gddep>0.83</b01gddep>
        <a10dep>-1</a10dep>
        <b10indep>0.213</b10indep>
        <b10outdep>-0.13</b10outdep>
        <b10absdep>1.614</b10absdep>
        <b10gddep>-0.923</b10gddep>
                     </window>
        <window><id>3</id><aop>2.151</aop>
        <bopout>0.172</bopout>
        <shapeop>0.418</shapeop>
        <a01arr>-19.2</a01arr>
        <b01inarr>0.71</b01inarr>
        <b01outarr>0.0433</b01outarr>
        <b01absprevarr>1.862</b01absprevarr>
        <b01rnarr>-0.45</b01rnarr>
        <a01int>-12.8</a01int>
        <b01inint>0.34</b01inint>
        <b01outint>0.0271</b01outint>
        <b01presint>-0.000878</b01presint>
        <b01rnint>-0.336</b01rnint>
        <a01dep>-5.7</a01dep>
        <b01outdep>0.08</b01outdep>
        <b01absdep>0.84</b01absdep>
        <b01gddep>0.83</b01gddep>
        <a10dep>-3.1</a10dep>
        <b10indep>0.213</b10indep>
        <b10outdep>0.06</b10outdep>
        <b10absdep>1.614</b10absdep>
        <b10gddep>-0.923</b10gddep>
                    </window>
        <window><id>4</id><aop>2.151</aop>
        <bopout>0.172</bopout>
        <shapeop>0.418</shapeop>
        <a01arr>-18.5</a01arr>
        <b01inarr>0.67</b01inarr>
        <b01outarr>0.0433</b01outarr>
        <b01absprevarr>1.862</b01absprevarr>
        <b01rnarr>-0.45</b01rnarr>
        <a01int>-14.4</a01int>
        <b01inint>0.4</b01inint>
        <b01outint>0.0271</b01outint>
        <b01presint>-0.000878</b01presint>
        <b01rnint>-0.336</b01rnint>
        <a01dep>0.0</a01dep>
        <b01outdep>0.0</b01outdep>
        <b01absdep>0.84</b01absdep>
        <b01gddep>0.83</b01gddep>
        <a10dep>-1.1</a10dep>
        <b10indep>0.213</b10indep>
        <b10outdep>-0.07</b10outdep>
        <b10absdep>1.614</b10absdep>
        <b10gddep>-0.923</b10gddep>
                      </window>
        <window><id>5</id><aop>2.151</aop>
        <bopout>0.172</bopout>
        <shapeop>0.418</shapeop>
        <a01arr>-5.6</a01arr>
        <b01inarr>0.12</b01inarr>
        <b01outarr>0.0433</b01outarr>
        <b01absprevarr>1.862</b01absprevarr>
        <b01rnarr>-0.45</b01rnarr>
        <a01int>-10.9</a01int>
        <b01inint>0.27</b01inint>
        <b01outint>0.0271</b01outint>
        <b01presint>-0.000878</b01presint>
        <b01rnint>-0.336</b01rnint>
        <a01dep>-9.1</a01dep>
        <b01outdep>0.22</b01outdep>
        <b01absdep>0.84</b01absdep>
        <b01gddep>0.83</b01gddep>
        <a10dep>-1.8</a10dep>
        <b10indep>0.213</b10indep>
        <b10outdep>-0.06</b10outdep>
        <b10absdep>1.614</b10absdep>
        <b10gddep>-0.923</b10gddep>
                    </window>
        <window><id>6</id><aop>2.151</aop>
        <bopout>0.172</bopout>
        <shapeop>0.418</shapeop>
        <a01arr>-28.4</a01arr>
        <b01inarr>1.04</b01inarr>
        <b01outarr>0.0433</b01outarr>
        <b01absprevarr>1.862</b01absprevarr>
        <b01rnarr>-0.45</b01rnarr>
        <a01int>-26.3</a01int>
        <b01inint>0.88</b01inint>
        <b01outint>0.0271</b01outint>
        <b01presint>-0.000878</b01presint>
        <b01rnint>-0.336</b01rnint>
        <a01dep>-11.3</a01dep>
        <b01outdep>0.45</b01outdep>
        <b01absdep>0.84</b01absdep>
        <b01gddep>0.83</b01gddep>
        <a10dep>-3.5</a10dep>
        <b10indep>0.213</b10indep>
        <b10outdep>0.18</b10outdep>
        <b10absdep>1.614</b10absdep>
        <b10gddep>-0.923</b10gddep>
                   </window>
        <window><id>7</id><aop>2.151</aop>
        <bopout>0.172</bopout>
        <shapeop>0.418</shapeop>
        <a01arr>-20.7</a01arr>
        <b01inarr>0.71</b01inarr>
        <b01outarr>0.0433</b01outarr>
        <b01absprevarr>1.862</b01absprevarr>
        <b01rnarr>-0.45</b01rnarr>
        <a01int>-20.4</a01int>
        <b01inint>0.63</b01inint>
        <b01outint>0.0271</b01outint>
        <b01presint>-0.000878</b01presint>
        <b01rnint>-0.336</b01rnint>
        <a01dep>-7.5</a01dep>
        <b01outdep>0.13</b01outdep>
        <b01absdep>0.84</b01absdep>
        <b01gddep>0.83</b01gddep>
        <a10dep>0.2</a10dep>
        <b10indep>0.213</b10indep>
        <b10outdep>-0.09</b10outdep>
        <b10absdep>1.614</b10absdep>
        <b10gddep>-0.923</b10gddep>
                    </window>
        <window><id>8</id><aop>2.151</aop>
        <bopout>0.172</bopout>
        <shapeop>0.418</shapeop>
        <a01arr>-19.9</a01arr>
        <b01inarr>0.71</b01inarr>
        <b01outarr>0.0433</b01outarr>
        <b01absprevarr>1.862</b01absprevarr>
        <b01rnarr>-0.45</b01rnarr>
        <a01int>-10.5</a01int>
        <b01inint>0.21</b01inint>
        <b01outint>0.0271</b01outint>
        <b01presint>-0.000878</b01presint>
        <b01rnint>-0.336</b01rnint>
        <a01dep>-8.2</a01dep>
        <b01outdep>0.16</b01outdep>
        <b01absdep>0.84</b01absdep>
        <b01gddep>0.83</b01gddep>
        <a10dep>-3.8</a10dep>
        <b10indep>0.213</b10indep>
        <b10outdep>0.07</b10outdep>
        <b10absdep>1.614</b10absdep>
        <b10gddep>-0.923</b10gddep>
                    </window>
        <window><id>9</id><aop>2.151</aop>
        <bopout>0.172</bopout>
        <shapeop>0.418</shapeop>
        <a01arr>-7.5</a01arr>
        <b01inarr>0.22</b01inarr>
        <b01outarr>0.0433</b01outarr>
        <b01absprevarr>1.862</b01absprevarr>
        <b01rnarr>-0.45</b01rnarr>
        <a01int>-18.2</a01int>
        <b01inint>0.61</b01inint>
        <b01outint>0.0271</b01outint>
        <b01presint>-0.000878</b01presint>
        <b01rnint>-0.336</b01rnint>
        <a01dep>-7</a01dep>
        <b01outdep>0.18</b01outdep>
        <b01absdep>0.84</b01absdep>
        <b01gddep>0.83</b01gddep>
        <a10dep>0.6</a10dep>
        <b10indep>0.213</b10indep>
        <b10outdep>-0.18</b10outdep>
        <b10absdep>1.614</b10absdep>
        <b10gddep>-0.923</b10gddep>
                       </window>
        <window><id>10</id><aop>2.151</aop>
        <bopout>0.172</bopout>
        <shapeop>0.418</shapeop>
        <a01arr>-20.1</a01arr>
        <b01inarr>0.65</b01inarr>
        <b01outarr>0.0433</b01outarr>
        <b01absprevarr>1.862</b01absprevarr>
        <b01rnarr>-0.45</b01rnarr>
        <a01int>-16.9</a01int>
        <b01inint>0.42</b01inint>
        <b01outint>0.0271</b01outint>
        <b01presint>-0.000878</b01presint>
        <b01rnint>-0.336</b01rnint>
        <a01dep>-7.6</a01dep>
        <b01outdep>0.05</b01outdep>
        <b01absdep>0.84</b01absdep>
        <b01gddep>0.83</b01gddep>
        <a10dep>-3.5</a10dep>
        <b10indep>0.213</b10indep>
        <b10outdep>-0.01</b10outdep>
        <b10absdep>1.614</b10absdep>
        <b10gddep>-0.923</b10gddep>
                   </window>
        <window><id>11</id><aop>2.151</aop>
        <bopout>0.172</bopout>
        <shapeop>0.418</shapeop>
        <a01arr>-17.4</a01arr>
        <b01inarr>0.58</b01inarr>
        <b01outarr>0.0433</b01outarr>
        <b01absprevarr>1.862</b01absprevarr>
        <b01rnarr>-0.45</b01rnarr>
        <a01int>-15.9</a01int>
        <b01inint>0.44</b01inint>
        <b01outint>0.0271</b01outint>
        <b01presint>-0.000878</b01presint>
        <b01rnint>-0.336</b01rnint>
        <a01dep>-8</a01dep>
        <b01outdep>0.16</b01outdep>
        <b01absdep>0.84</b01absdep>
        <b01gddep>0.83</b01gddep>
        <a10dep>-1</a10dep>
        <b10indep>0.213</b10indep>
        <b10outdep>-0.19</b10outdep>
        <b10absdep>1.614</b10absdep>
        <b10gddep>-0.923</b10gddep>
                       </window>
        <window><id>12</id><aop>2.151</aop>
        <bopout>0.172</bopout>
        <shapeop>0.418</shapeop>
        <a01arr>-26.2</a01arr>
        <b01inarr>0.97</b01inarr>
        <b01outarr>0.0433</b01outarr>
        <b01absprevarr>1.862</b01absprevarr>
        <b01rnarr>-0.45</b01rnarr>
        <a01int>-20.3</a01int>
        <b01inint>0.67</b01inint>
        <b01outint>0.0271</b01outint>
        <b01presint>-0.000878</b01presint>
        <b01rnint>-0.336</b01rnint>
        <a01dep>0.0</a01dep>
        <b01outdep>0.0</b01outdep>
        <b01absdep>0.84</b01absdep>
        <b01gddep>0.83</b01gddep>
        <a10dep>-0.2</a10dep>
        <b10indep>0.213</b10indep>
        <b10outdep>-0.23</b10outdep>
        <b10absdep>1.614</b10absdep>
        <b10gddep>-0.923</b10gddep>
                     </window>
        <window><id>13</id><aop>2.151</aop>
        <bopout>0.172</bopout>
        <shapeop>0.418</shapeop>
        <a01arr>-4.1</a01arr>
        <b01inarr>0.05</b01inarr>
        <b01outarr>0.0433</b01outarr>
        <b01absprevarr>1.862</b01absprevarr>
        <b01rnarr>-0.45</b01rnarr>
        <a01int>-14.9</a01int>
        <b01inint>0.41</b01inint>
        <b01outint>0.0271</b01outint>
        <b01presint>-0.000878</b01presint>
        <b01rnint>-0.336</b01rnint>
        <a01dep>-5.4</a01dep>
        <b01outdep>0.03</b01outdep>
        <b01absdep>0.84</b01absdep>
        <b01gddep>0.83</b01gddep>
        <a10dep>-3.1</a10dep>
        <b10indep>0.213</b10indep>
        <b10outdep>-0.08</b10outdep>
        <b10absdep>1.614</b10absdep>
        <b10gddep>-0.923</b10gddep>
                    </window>
        <window><id>14</id><aop>2.151</aop>
        <bopout>0.172</bopout>
        <shapeop>0.418</shapeop>
        <a01arr>-27.9</a01arr>
        <b01inarr>0.91</b01inarr>
        <b01outarr>0.0433</b01outarr>
        <b01absprevarr>1.862</b01absprevarr>
        <b01rnarr>-0.45</b01rnarr>
        <a01int>-32.5</a01int>
        <b01inint>1.06</b01inint>
        <b01outint>0.0271</b01outint>
        <b01presint>-0.000878</b01presint>
        <b01rnint>-0.336</b01rnint>
        <a01dep>-8.1</a01dep>
        <b01outdep>0.13</b01outdep>
        <b01absdep>0.84</b01absdep>
        <b01gddep>0.83</b01gddep>
        <a10dep>0.2</a10dep>
        <b10indep>0.213</b10indep>
        <b10outdep>-0.21</b10outdep>
        <b10absdep>1.614</b10absdep>
        <b10gddep>-0.923</b10gddep>
                    </window>
        <window><id>15</id><aop>2.151</aop>
        <bopout>0.172</bopout>
        <shapeop>0.418</shapeop>
        <a01arr>-12.8</a01arr>
        <b01inarr>0.37</b01inarr>
        <b01outarr>0.0433</b01outarr>
        <b01absprevarr>1.862</b01absprevarr>
        <b01rnarr>-0.45</b01rnarr>
        <a01int>-13.6</a01int>
        <b01inint>0.28</b01inint>
        <b01outint>0.0271</b01outint>
        <b01presint>-0.000878</b01presint>
        <b01rnint>-0.336</b01rnint>
        <a01dep>-9.1</a01dep>
        <b01outdep>0.16</b01outdep>
        <b01absdep>0.84</b01absdep>
        <b01gddep>0.83</b01gddep>
        <a10dep>-6.7</a10dep>
        <b10indep>0.213</b10indep>
        <b10outdep>0.1</b10outdep>
        <b10absdep>1.614</b10absdep>
        <b10gddep>-0.923</b10gddep>
                     </window>
        <window><id>16</id><aop>2.151</aop>
        <bopout>0.172</bopout>
        <shapeop>0.418</shapeop>
        <a01arr>0.0</a01arr>
        <b01inarr>0.0</b01inarr>
        <b01outarr>0.0433</b01outarr>
        <b01absprevarr>1.862</b01absprevarr>
        <b01rnarr>-0.45</b01rnarr>
        <a01int>-17</a01int>
        <b01inint>0.44</b01inint>
        <b01outint>0.0271</b01outint>
        <b01presint>-0.000878</b01presint>
        <b01rnint>-0.336</b01rnint>
        <a01dep>0.0</a01dep>
        <b01outdep>0.0</b01outdep>
        <b01absdep>0.84</b01absdep>
        <b01gddep>0.83</b01gddep>
        <a10dep>0.0</a10dep>
        <b10indep>0.213</b10indep>
        <b10outdep>0.0</b10outdep>
        <b10absdep>1.614</b10absdep>
        <b10gddep>-0.923</b10gddep>
                             </window>
        <window><id>17</id><aop>2.151</aop>
        <bopout>0.172</bopout>
        <shapeop>0.418</shapeop>
        <a01arr>0.2</a01arr>
        <b01inarr>-0.03</b01inarr>
        <b01outarr>0.0433</b01outarr>
        <b01absprevarr>1.862</b01absprevarr>
        <b01rnarr>-0.45</b01rnarr>
        <a01int>4.5</a01int>,<b01inint>0.31</b01inint>
        <b01outint>0.0271</b01outint>
        <b01presint>-0.000878</b01presint>
        <b01rnint>-0.336</b01rnint>
        <a01dep>0.0</a01dep>
        <b01outdep>0.0</b01outdep>
        <b01absdep>0.84</b01absdep>
        <b01gddep>0.83</b01gddep>
        <a10dep>0.0</a10dep>
        <b10indep>0.213</b10indep>
        <b10outdep>0.0</b10outdep>
        <b10absdep>1.614</b10absdep>
        <b10gddep>-0.923</b10gddep>
                            </window>
        <window><id>18</id><aop>2.151</aop>
        <bopout>0.172</bopout>
        <shapeop>0.418</shapeop>
        <a01arr>-28</a01arr>
        <b01inarr>1.04</b01inarr>
        <b01outarr>0.0433</b01outarr>
        <b01absprevarr>1.862</b01absprevarr>
        <b01rnarr>-0.45</b01rnarr>
        <a01int>-13.2</a01int>
        <b01inint>0.39</b01inint>
        <b01outint>0.0271</b01outint>
        <b01presint>-0.000878</b01presint>
        <b01rnint>-0.336</b01rnint>
        <a01dep>0.0</a01dep>
        <b01outdep>0.0</b01outdep>
        <b01absdep>0.84</b01absdep>
        <b01gddep>0.83</b01gddep>
        <a10dep>-5.3</a10dep>
        <b10indep>0.213</b10indep>
        <b10outdep>0.25</b10outdep>
        <b10absdep>1.614</b10absdep>
        <b10gddep>-0.923</b10gddep>
                        </window>
        <window><id>19</id><aop>2.151</aop>
        <bopout>0.172</bopout>
        <shapeop>0.418</shapeop>
        <a01arr>-24.9</a01arr>
        <b01inarr>0.81</b01inarr>
        <b01outarr>0.0433</b01outarr>
        <b01absprevarr>1.862</b01absprevarr>
        <b01rnarr>-0.45</b01rnarr>
        <a01int>-24.5</a01int>
        <b01inint>0.72</b01inint>
        <b01outint>0.0271</b01outint>
        <b01presint>-0.000878</b01presint>
        <b01rnint>-0.336</b01rnint>
        <a01dep>-11.9</a01dep>
        <b01outdep>0.31</b01outdep>
        <b01absdep>0.84</b01absdep>
        <b01gddep>0.83</b01gddep>
        <a10dep>-8.1</a10dep>
        <b10indep>0.213</b10indep>
        <b10outdep>0.2</b10outdep>
        <b10absdep>1.614</b10absdep>
        <b10gddep>-0.923</b10gddep>
                    </window>
        <window><id>20</id><aop>2.151</aop>
        <bopout>0.172</bopout>
        <shapeop>0.418</shapeop>
        <a01arr>-13.3</a01arr>
        <b01inarr>0.42</b01inarr>
        <b01outarr>0.0433</b01outarr>
        <b01absprevarr>1.862</b01absprevarr>
        <b01rnarr>-0.45</b01rnarr>
        <a01int>-14.8</a01int>
        <b01inint>0.44</b01inint>
        <b01outint>0.0271</b01outint>
        <b01presint>-0.000878</b01presint>
        <b01rnint>-0.336</b01rnint>
        <a01dep>-6.2</a01dep>
        <b01outdep>0.09</b01outdep>
        <b01absdep>0.84</b01absdep>
        <b01gddep>0.83</b01gddep>
        <a10dep>-2.2</a10dep>
        <b10indep>0.213</b10indep>
        <b10outdep>-0.08</b10outdep>
        <b10absdep>1.614</b10absdep>
        <b10gddep>-0.923</b10gddep>
                   </window>
        <window><id>21</id><aop>2.151</aop>
        <bopout>0.172</bopout>
        <shapeop>0.418</shapeop>
        <a01arr>-19.4</a01arr>
        <b01inarr>0.67</b01inarr>
        <b01outarr>0.0433</b01outarr>
        <b01absprevarr>1.862</b01absprevarr>
        <b01rnarr>-0.45</b01rnarr>
        <a01int>-22.2</a01int>
        <b01inint>0.67</b01inint>
        <b01outint>0.0271</b01outint>
        <b01presint>-0.000878</b01presint>
        <b01rnint>-0.336</b01rnint>
        <a01dep>-8.5</a01dep>
        <b01outdep>0.21</b01outdep>
        <b01absdep>0.84</b01absdep>
        <b01gddep>0.83</b01gddep>
        <a10dep>-3</a10dep>
        <b10indep>0.213</b10indep>
        <b10outdep>-0.03</b10outdep>
        <b10absdep>1.614</b10absdep>
        <b10gddep>-0.923</b10gddep>
                     </window>
        <window><id>22</id><aop>2.151</aop>
        <bopout>0.172</bopout>
        <shapeop>0.418</shapeop>
        <a01arr>-12.3</a01arr>
        <b01inarr>0.39</b01inarr>
        <b01outarr>0.0433</b01outarr>
        <b01absprevarr>1.862</b01absprevarr>
        <b01rnarr>-0.45</b01rnarr>
        <a01int>-15.5</a01int>
        <b01inint>0.43</b01inint>
        <b01outint>0.0271</b01outint>
        <b01presint>-0.000878</b01presint>
        <b01rnint>-0.336</b01rnint>
        <a01dep>-6.4</a01dep>
        <b01outdep>0.2</b01outdep>
        <b01absdep>0.84</b01absdep>
        <b01gddep>0.83</b01gddep>
        <a10dep>-2.9</a10dep>
        <b10indep>0.213</b10indep>
        <b10outdep>-0.08</b10outdep>
        <b10absdep>1.614</b10absdep>
        <b10gddep>-0.923</b10gddep>
                    </window>
        <window><id>23</id><aop>2.151</aop>
        <bopout>0.172</bopout>
        <shapeop>0.418</shapeop>
        <a01arr>-7.4</a01arr>
        <b01inarr>0.18</b01inarr>
        <b01outarr>0.0433</b01outarr>
        <b01absprevarr>1.862</b01absprevarr>
        <b01rnarr>-0.45</b01rnarr>
        <a01int>-12.7</a01int>
        <b01inint>0.3</b01inint>
        <b01outint>0.0271</b01outint>
        <b01presint>-0.000878</b01presint>
        <b01rnint>-0.336</b01rnint>
        <a01dep>-8.1</a01dep>
        <b01outdep>0.14</b01outdep>
        <b01absdep>0.84</b01absdep>
        <b01gddep>0.83</b01gddep>
        <a10dep>-2.6</a10dep>
        <b10indep>0.213</b10indep>
        <b10outdep>-0.16</b10outdep>
        <b10absdep>1.614</b10absdep>
        <b10gddep>-0.923</b10gddep>
                     </window>
        <window><id>24</id><aop>2.151</aop>
        <bopout>0.172</bopout>
        <shapeop>0.418</shapeop>
        <a01arr>-18.5</a01arr>
        <b01inarr>0.71</b01inarr>
        <b01outarr>0.0433</b01outarr>
        <b01absprevarr>1.862</b01absprevarr>
        <b01rnarr>-0.45</b01rnarr>
        <a01int>-27</a01int>
        <b01inint>0.93</b01inint>
        <b01outint>0.0271</b01outint>
        <b01presint>-0.000878</b01presint>
        <b01rnint>-0.336</b01rnint>
        <a01dep>-6.6</a01dep>
        <b01outdep>0.14</b01outdep>
        <b01absdep>0.84</b01absdep>
        <b01gddep>0.83</b01gddep>
        <a10dep>-1.3</a10dep>
        <b10indep>0.213</b10indep>
        <b10outdep>-0.13</b10outdep>
        <b10absdep>1.614</b10absdep>
        <b10gddep>-0.923</b10gddep>
                     </window>
        <window><id>25</id><aop>2.151</aop>
        <bopout>0.172</bopout>
        <shapeop>0.418</shapeop>
        <a01arr>-15.2</a01arr>
        <b01inarr>0.48</b01inarr>
        <b01outarr>0.0433</b01outarr>
        <b01absprevarr>1.862</b01absprevarr>
        <b01rnarr>-0.45</b01rnarr>
        <a01int>-18.5</a01int>
        <b01inint>0.5</b01inint>
        <b01outint>0.0271</b01outint>
        <b01presint>-0.000878</b01presint>
        <b01rnint>-0.336</b01rnint>
        <a01dep>-8.3</a01dep>
        <b01outdep>0.14</b01outdep>
        <b01absdep>0.84</b01absdep>
        <b01gddep>0.83</b01gddep>
        <a10dep>-3.2</a10dep>
        <b10indep>0.213</b10indep>
        <b10outdep>-0.04</b10outdep>
        <b10absdep>1.614</b10absdep>
        <b10gddep>-0.923</b10gddep>
                    </window>
        <window><id>26</id><aop>2.151</aop>
        <bopout>0.172</bopout>
        <shapeop>0.418</shapeop>
        <a01arr>9.3</a01arr>
        <b01inarr>-0.42</b01inarr>
        <b01outarr>0.0433</b01outarr>
        <b01absprevarr>1.862</b01absprevarr>
        <b01rnarr>-0.45</b01rnarr>
        <a01int>-9.9</a01int>
        <b01inint>0.25</b01inint>
        <b01outint>0.0271</b01outint>
        <b01presint>-0.000878</b01presint>
        <b01rnint>-0.336</b01rnint>
        <a01dep>-3.6</a01dep>
        <b01outdep>0.07</b01outdep>
        <b01absdep>0.84</b01absdep>
        <b01gddep>0.83</b01gddep>
        <a10dep>4</a10dep>
        <b10indep>0.213</b10indep>
        <b10outdep>-0.51</b10outdep>
        <b10absdep>1.614</b10absdep>
        <b10gddep>-0.923</b10gddep>
                        </window>
        <window><id>27</id><aop>2.151</aop>
        <bopout>0.172</bopout>
        <shapeop>0.418</shapeop>
        <a01arr>-14.4</a01arr>
        <b01inarr>0.49</b01inarr>
        <b01outarr>0.0433</b01outarr>
        <b01absprevarr>1.862</b01absprevarr>
        <b01rnarr>-0.45</b01rnarr>
        <a01int>-23.5</a01int>
        <b01inint>0.77</b01inint>
        <b01outint>0.0271</b01outint>
        <b01presint>-0.000878</b01presint>
        <b01rnint>-0.336</b01rnint>
        <a01dep>-7.8</a01dep>
        <b01outdep>0.22</b01outdep>
        <b01absdep>0.84</b01absdep>
        <b01gddep>0.83</b01gddep>
        <a10dep>-1.5</a10dep>
        <b10indep>0.213</b10indep>
        <b10outdep>-0.14</b10outdep>
        <b10absdep>1.614</b10absdep>
        <b10gddep>-0.923</b10gddep>
                   </window>
        <window><id>28</id><aop>2.151</aop>
        <bopout>0.172</bopout>
        <shapeop>0.418</shapeop>
        <a01arr>-20</a01arr>
        <b01inarr>0.69</b01inarr>
        <b01outarr>0.0433</b01outarr>
        <b01absprevarr>1.862</b01absprevarr>
        <b01rnarr>-0.45</b01rnarr>
        <a01int>-14.3</a01int>
        <b01inint>0.38</b01inint>
        <b01outint>0.0271</b01outint>
        <b01presint>-0.000878</b01presint>
        <b01rnint>-0.336</b01rnint>
        <a01dep>-4.5</a01dep>
        <b01outdep>0.12</b01outdep>
        <b01absdep>0.84</b01absdep>
        <b01gddep>0.83</b01gddep>
        <a10dep>-0.9</a10dep>
        <b10indep>0.213</b10indep>
        <b10outdep>-0.15</b10outdep>
        <b10absdep>1.614</b10absdep>
        <b10gddep>-0.923</b10gddep>
                     </window>
      </windows>
      <lights>0</lights>
      <AgentHeatGains>0</AgentHeatGains>
    </models>
</simulation>
