<?xml version="1.0" encoding="UTF-8"?>
<simulation>
  <seed>0</seed>
  <timeStepsPerHour>12</timeStepsPerHour>
  <beginMonth>1</beginMonth>
  <endMonth>12</endMonth>
  <beginDay>1</beginDay>
  <endDay>31</endDay>
  <learn>0</learn>

  <save>1</save>
  <buildings>
  <building>
    <zone>
      <name>Block1:Zone1</name>
      <activities>IT</activities>
      <groundFloor>1</groundFloor>
      <windowCount>1</windowCount>
    </zone>
    <agents>
      <agent>
        <shade>1</shade>
        <window>1</window>
        <office>Block1:Zone1</office>
        <power>0.5</power>
        <profile>
          <monday>0.021,0.021,0.021,0.021,0.021,0.021,0.021,0.025,0.250,0.422,0.309,0.377,0.187,0.375,0.426,0.396,0.375,0.432,0.084,0.070,0.047,0.039,0.038,0.038</monday>
          <tuesday>0.040,0.038,0.038,0.038,0.038,0.038,0.038,0.046,0.320,0.401,0.325,0.417,0.196,0.372,0.435,0.402,0.334,0.435,0.100,0.053,0.044,0.044,0.042,0.042</tuesday>
          <wednesday>0.041,0.041,0.041,0.041,0.041,0.041,0.041,0.062,0.342,0.403,0.297,0.342,0.194,0.354,0.395,0.363,0.336,0.383,0.080,0.043,0.027,0.026,0.026,0.026</wednesday>
          <thursday>0.024,0.024,0.024,0.024,0.024,0.024,0.024,0.029,0.265,0.373,0.271,0.368,0.193,0.361,0.402,0.357,0.324,0.367,0.094,0.067,0.032,0.032,0.030,0.030</thursday>
          <friday>0.030,0.029,0.029,0.029,0.029,0.029,0.029,0.055,0.327,0.367,0.304,0.373,0.215,0.317,0.280,0.239,0.197,0.125,0.066,0.069,0.031,0.029,0.027,0.027</friday>
          <saturday>0.028,0.030,0.029,0.029,0.030,0.029,0.029,0.030,0.030,0.030,0.035,0.037,0.030,0.032,0.041,0.045,0.042,0.034,0.035,0.032,0.027,0.024,0.021,0.021</saturday>
          <sunday>0.021,0.021,0.021,0.021,0.021,0.021,0.021,0.021,0.024,0.025,0.032,0.045,0.040,0.041,0.033,0.032,0.033,0.031,0.031,0.028,0.026,0.027,0.025,0.025</sunday>
        </profile>
      </agent>
      <agent>
        <shade>1</shade>
        <window>1</window>
        <office>Block1:Zone1</office>
        <power>0.5</power>
        <profile>
          <monday>0.021,0.021,0.021,0.021,0.021,0.021,0.021,0.025,0.250,0.422,0.309,0.377,0.187,0.375,0.426,0.396,0.375,0.432,0.084,0.070,0.047,0.039,0.038,0.038</monday>
          <tuesday>0.040,0.038,0.038,0.038,0.038,0.038,0.038,0.046,0.320,0.401,0.325,0.417,0.196,0.372,0.435,0.402,0.334,0.435,0.100,0.053,0.044,0.044,0.042,0.042</tuesday>
          <wednesday>0.041,0.041,0.041,0.041,0.041,0.041,0.041,0.062,0.342,0.403,0.297,0.342,0.194,0.354,0.395,0.363,0.336,0.383,0.080,0.043,0.027,0.026,0.026,0.026</wednesday>
          <thursday>0.024,0.024,0.024,0.024,0.024,0.024,0.024,0.029,0.265,0.373,0.271,0.368,0.193,0.361,0.402,0.357,0.324,0.367,0.094,0.067,0.032,0.032,0.030,0.030</thursday>
          <friday>0.030,0.029,0.029,0.029,0.029,0.029,0.029,0.055,0.327,0.367,0.304,0.373,0.215,0.317,0.280,0.239,0.197,0.125,0.066,0.069,0.031,0.029,0.027,0.027</friday>
          <saturday>0.028,0.030,0.029,0.029,0.030,0.029,0.029,0.030,0.030,0.030,0.035,0.037,0.030,0.032,0.041,0.045,0.042,0.034,0.035,0.032,0.027,0.024,0.021,0.021</saturday>
          <sunday>0.021,0.021,0.021,0.021,0.021,0.021,0.021,0.021,0.024,0.025,0.032,0.045,0.040,0.041,0.033,0.032,0.033,0.031,0.031,0.028,0.026,0.027,0.025,0.025</sunday>
        </profile>
      </agent>
    </agents>
  </building>
  </buildings>
<models>
  <presencePage>1</presencePage>
  <shades>
    <enabled>0</enabled>
    <shade>
    <id>1</id>
    <name>001-28-X</name>
    <a01arr>-6.39</a01arr>
    <b01inarr>0.00141</b01inarr>
    <b01sarr>2.17</b01sarr>
    <a10arr>-2.71</a10arr>
    <b10inarr>-0.00364</b10inarr>
    <b10sarr>-3.139</b10sarr>
    <a01int>-6.66</a01int>
    <b01inint>0.00086</b01inint>
    <b01sint>1.27</b01sint>
    <a10int>-3.87</a10int>
    <b10inint>-0.00358</b10inint>
    <b10sint>-2.683</b10sint>
    <afullraise>0.435</afullraise>
    <boutfullraise>1.95</boutfullraise>
    <bsfullraise>-0.0000231</bsfullraise>
    <bsfulllower>0.00000091</bsfulllower>
    <boutfulllower>-2.23</boutfulllower>
    <afulllower>-0.27</afulllower>
    <aSFlower>-2.294</aSFlower>
    <bSFlower>1.522</bSFlower>
    <shapelower>1.708</shapelower>
    </shade>
    <shade>
    <id>2</id>
    <name>001-17-30</name>
    <a01arr>-8.17</a01arr>
    <b01inarr>0.00183</b01inarr>
    <b01sarr>2.17</b01sarr>
    <a10arr>-1.49</a10arr>
    <b10inarr>-0.00334</b10inarr>
    <b10sarr>-3.139</b10sarr>
    <a01int>-7.83</a01int>
    <b01inint>0.00115</b01inint>
    <b01sint>1.27</b01sint>
    <a10int>-3.56</a10int>
    <b10inint>-0.00268</b10inint>
    <b10sint>-2.683</b10sint>
    <afullraise>0.435</afullraise>
    <boutfullraise>1.95</boutfullraise>
    <bsfullraise>-0.0000231</bsfullraise>
    <bsfulllower>0.00000091</bsfulllower>
    <boutfulllower>-2.23</boutfulllower>
    <afulllower>-0.27</afulllower>
    <aSFlower>-2.294</aSFlower>
    <bSFlower>1.522</bSFlower>
    <shapelower>1.708</shapelower>
    </shade>
    <shade>
    <id>3</id>
    <name>001-17-35</name>
    <a01arr>-4.98</a01arr>
    <b01inarr>0.00107</b01inarr>
    <b01sarr>2.17</b01sarr>
    <a10arr>-2.1</a10arr>
    <b10inarr>-0.00339</b10inarr>
    <b10sarr>-3.139</b10sarr>
    <a01int>-5.92</a01int>
    <b01inint>0.00081</b01inint>
    <b01sint>1.27</b01sint>
    <a10int>-3.78</a10int>
    <b10inint>-0.00223</b10inint>
    <b10sint>-2.683</b10sint>
    <afullraise>0.435</afullraise>
    <boutfullraise>1.95</boutfullraise>
    <bsfullraise>-0.0000231</bsfullraise>
    <bsfulllower>0.00000091</bsfulllower>
    <boutfulllower>-2.23</boutfulllower>
    <afulllower>-0.27</afulllower>
    <aSFlower>-2.294</aSFlower>
    <bSFlower>1.522</bSFlower>
    <shapelower>1.708</shapelower>
    </shade>
    <shade>
    <id>4</id>
    <name>002-21-24</name>
    <a01arr>-6.39</a01arr>
    <b01inarr>0.001</b01inarr>
    <b01sarr>2.17</b01sarr>
    <a10arr>-0.38</a10arr>
    <b10inarr>-0.00449</b10inarr>
    <b10sarr>-3.139</b10sarr>
    <a01int>-6.96</a01int>
    <b01inint>0.00105</b01inint>
    <b01sint>1.27</b01sint>
    <a10int>-1.93</a10int>
    <b10inint>-0.00446</b10inint>
    <b10sint>-2.683</b10sint>
    <afullraise>0.435</afullraise>
    <boutfullraise>1.95</boutfullraise>
    <bsfullraise>-0.0000231</bsfullraise>
    <bsfulllower>0.00000091</bsfulllower>
    <boutfulllower>-2.23</boutfulllower>
    <afulllower>-0.27</afulllower>
    <aSFlower>-2.294</aSFlower>
    <bSFlower>1.522</bSFlower>
    <shapelower>1.708</shapelower>
    </shade>
    <shade>
    <id>5</id>
    <name>002-16-25</name>
    <a01arr>18.07</a01arr>
    <b01inarr>0.00436</b01inarr>
    <b01sarr>2.17</b01sarr>
    <a10arr>-3.13</a10arr>
    <b10inarr>-0.00236</b10inarr>
    <b10sarr>-3.139</b10sarr>
    <a01int>-8.26</a01int>
    <b01inint>0.00093</b01inint>
    <b01sint>1.27</b01sint>
    <a10int>-4.87</a10int>
    <b10inint>-0.00232</b10inint>
    <b10sint>-2.683</b10sint>
    <afullraise>0.435</afullraise>
    <boutfullraise>1.95</boutfullraise>
    <bsfullraise>-0.0000231</bsfullraise>
    <bsfulllower>0.00000091</bsfulllower>
    <boutfulllower>-2.23</boutfulllower>
    <afulllower>-0.27</afulllower>
    <aSFlower>-2.294</aSFlower>
    <bSFlower>1.522</bSFlower>
    <shapelower>1.708</shapelower>
    </shade>
    <shade>
    <id>6</id>
    <name>002-01-16</name>
    <a01arr>-6.82</a01arr>
    <b01inarr>0.00122</b01inarr>
    <b01sarr>2.17</b01sarr>
    <a10arr>-1.53</a10arr>
    <b10inarr>-0.00284</b10inarr>
    <b10sarr>-3.139</b10sarr>
    <a01int>-7.87</a01int>
    <b01inint>0.00098</b01inint>
    <b01sint>1.27</b01sint>
    <a10int>-3.69</a10int>
    <b10inint>-0.00302</b10inint>
    <b10sint>-2.683</b10sint>
    <afullraise>0.435</afullraise>
    <boutfullraise>1.95</boutfullraise>
    <bsfullraise>-0.0000231</bsfullraise>
    <bsfulllower>0.00000091</bsfulllower>
    <boutfulllower>-2.23</boutfulllower>
    <afulllower>-0.27</afulllower>
    <aSFlower>-2.294</aSFlower>
    <bSFlower>1.522</bSFlower>
    <shapelower>1.708</shapelower>
    </shade>
    <shade>
    <id>7</id>
    <name>002-11-16</name>
    <a01arr>-8.59</a01arr>
    <b01inarr>0.00193</b01inarr>
    <b01sarr>2.17</b01sarr>
    <a10arr>-1.15</a10arr>
    <b10inarr>-0.00378</b10inarr>
    <b10sarr>-3.139</b10sarr>
    <a01int>-7.52</a01int>
    <b01inint>0.001</b01inint>
    <b01sint>1.27</b01sint>
    <a10int>-3.17</a10int>
    <b10inint>-0.00367</b10inint>
    <b10sint>-2.683</b10sint>
    <afullraise>0.435</afullraise>
    <boutfullraise>1.95</boutfullraise>
    <bsfullraise>-0.0000231</bsfullraise>
    <bsfulllower>0.00000091</bsfulllower>
    <boutfulllower>-2.23</boutfulllower>
    <afulllower>-0.27</afulllower>
    <aSFlower>-2.294</aSFlower>
    <bSFlower>1.522</bSFlower>
    <shapelower>1.708</shapelower>
  </shade>
    <shade>
    <id>8</id>
    <name>003-07</name>
    <a01arr>-5.09</a01arr>
    <b01inarr>0.0013</b01inarr>
    <b01sarr>2.17</b01sarr>
    <a10arr>-0.85</a10arr>
    <b10inarr>-0.00408</b10inarr>
    <b10sarr>-3.139</b10sarr>
    <a01int>-6.47</a01int>
    <b01inint>0.00104</b01inint>
    <b01sint>1.27</b01sint>
    <a10int>-3.2</a10int>
    <b10inint>-0.00307</b10inint>
    <b10sint>-2.683</b10sint>
    <afullraise>0.435</afullraise>
    <boutfullraise>1.95</boutfullraise>
    <bsfullraise>-0.0000231</bsfullraise>
    <bsfulllower>0.00000091</bsfulllower>
    <boutfulllower>-2.23</boutfulllower>
    <afulllower>-0.27</afulllower>
    <aSFlower>-2.294</aSFlower>
    <bSFlower>1.522</bSFlower>
    <shapelower>1.708</shapelower>
    </shade>
    <shade>
    <id>9</id>
    <name>004-26-36</name>
    <a01arr>-5.72</a01arr>
    <b01inarr>0.00104</b01inarr>
    <b01sarr>2.17</b01sarr>
    <a10arr>-1.6</a10arr>
    <b10inarr>-0.00342</b10inarr>
    <b10sarr>-3.139</b10sarr>
    <a01int>-6.71</a01int>
    <b01inint>0.00084</b01inint>
    <b01sint>1.27</b01sint>
    <a10int>-4.18</a10int>
    <b10inint>-0.00244</b10inint>
    <b10sint>-2.683</b10sint>
    <afullraise>0.435</afullraise>
    <boutfullraise>1.95</boutfullraise>
    <bsfullraise>-0.0000231</bsfullraise>
    <bsfulllower>0.00000091</bsfulllower>
    <boutfulllower>-2.23</boutfulllower>
    <afulllower>-0.27</afulllower>
    <aSFlower>-2.294</aSFlower>
    <bSFlower>1.522</bSFlower>
    <shapelower>1.708</shapelower>
</shade>
    <shade>
    <id>10</id>
    <name>101-22</name>
    <a01arr>-6.67</a01arr>
    <b01inarr>0.00123</b01inarr>
    <b01sarr>2.17</b01sarr>
    <a10arr>-4.63</a10arr>
    <b10inarr>-0.00369</b10inarr>
    <b10sarr>-3.139</b10sarr>
    <a01int>-7.15</a01int>
    <b01inint>0.00116</b01inint>
    <b01sint>1.27</b01sint>
    <a10int>-4.92</a10int>
    <b10inint>-0.00308</b10inint>
    <b10sint>-2.683</b10sint>
    <afullraise>0.435</afullraise>
    <boutfullraise>1.95</boutfullraise>
    <bsfullraise>-0.0000231</bsfullraise>
    <bsfulllower>0.00000091</bsfulllower>
    <boutfulllower>-2.23</boutfulllower>
    <afulllower>-0.27</afulllower>
    <aSFlower>-2.294</aSFlower>
    <bSFlower>1.522</bSFlower>
    <shapelower>1.708</shapelower>
    </shade>
    <shade>
    <id>11</id>
    <name>103-03</name>
    <a01arr>-5.62</a01arr>
    <b01inarr>0.00154</b01inarr>
    <b01sarr>2.17</b01sarr>
    <a10arr>-1.12</a10arr>
    <b10inarr>-0.00378</b10inarr>
    <b10sarr>-3.139</b10sarr>
    <a01int>-6.39</a01int>
    <b01inint>0.0011</b01inint>
    <b01sint>1.27</b01sint>
    <a10int>-2.89</a10int>
    <b10inint>-0.00298</b10inint>
    <b10sint>-2.683</b10sint>
    <afullraise>0.435</afullraise>
    <boutfullraise>1.95</boutfullraise>
    <bsfullraise>-0.0000231</bsfullraise>
    <bsfulllower>0.00000091</bsfulllower>
    <boutfulllower>-2.23</boutfulllower>
    <afulllower>-0.27</afulllower>
    <aSFlower>-2.294</aSFlower>
    <bSFlower>1.522</bSFlower>
    <shapelower>1.708</shapelower>
    </shade>
    <shade>
    <id>12</id>
    <name>103-42</name>
    <a01arr>-6.12</a01arr>
    <b01inarr>0.0015</b01inarr>
    <b01sarr>2.17</b01sarr>
    <a10arr>2.82</a10arr>
    <b10inarr>-0.0089</b10inarr>
    <b10sarr>-3.139</b10sarr>
    <a01int>-9.3</a01int>
    <b01inint>0.00208</b01inint>
    <b01sint>1.27</b01sint>
    <a10int>0.15</a10int>
    <b10inint>-0.00737</b10inint>
    <b10sint>-2.683</b10sint>
    <afullraise>0.435</afullraise>
    <boutfullraise>1.95</boutfullraise>
    <bsfullraise>-0.0000231</bsfullraise>
    <bsfulllower>0.00000091</bsfulllower>
    <boutfulllower>-2.23</boutfulllower>
    <afulllower>-0.27</afulllower>
    <aSFlower>-2.294</aSFlower>
    <bSFlower>1.522</bSFlower>
    <shapelower>1.708</shapelower>
    </shade>
    <shade>
    <id>13</id>
    <name>103-29</name>
    <a01arr>-4.59</a01arr>
    <b01inarr>0.00113</b01inarr>
    <b01sarr>2.17</b01sarr>
    <a10arr>-2.1</a10arr>
    <b10inarr>-0.00315</b10inarr>
    <b10sarr>-3.139</b10sarr>
    <a01int>-7.07</a01int>
    <b01inint>0.00129</b01inint>
    <b01sint>1.27</b01sint>
    <a10int>-4.3</a10int>
    <b10inint>-0.00334</b10inint>
    <b10sint>-2.683</b10sint>
    <afullraise>0.435</afullraise>
    <boutfullraise>1.95</boutfullraise>
    <bsfullraise>-0.0000231</bsfullraise>
    <bsfulllower>0.00000091</bsfulllower>
    <boutfulllower>-2.23</boutfulllower>
    <afulllower>-0.27</afulllower>
    <aSFlower>-2.294</aSFlower>
    <bSFlower>1.522</bSFlower>
    <shapelower>1.708</shapelower>
    </shade>
    <shade>
    <id>14</id>
    <name>104-19</name>
    <a01arr>-6.64</a01arr>
    <b01inarr>0.00165</b01inarr>
    <b01sarr>2.17</b01sarr>
    <a10arr>0.32</a10arr>
    <b10inarr>-0.00545</b10inarr>
    <b10sarr>-3.139</b10sarr>
    <a01int>-7.25</a01int>
    <b01inint>0.00138</b01inint>
    <b01sint>1.27</b01sint>
    <a10int>-1.36</a10int>
    <b10inint>-0.00486</b10inint>
    <b10sint>-2.683</b10sint>
    <afullraise>0.435</afullraise>
    <boutfullraise>1.95</boutfullraise>
    <bsfullraise>-0.0000231</bsfullraise>
    <bsfulllower>0.00000091</bsfulllower>
    <boutfulllower>-2.23</boutfulllower>
    <afulllower>-0.27</afulllower>
    <aSFlower>-2.294</aSFlower>
    <bSFlower>1.522</bSFlower>
    <shapelower>1.708</shapelower>
    </shade>
    <shade>
    <id>15</id>
    <name>105-38</name>
    <a01arr>-8.59</a01arr>
    <b01inarr>0.0018</b01inarr>
    <b01sarr>2.17</b01sarr>
    <a10arr>-0.8</a10arr>
    <b10inarr>-0.00434</b10inarr>
    <b10sarr>-3.139</b10sarr>
    <a01int>-9.43</a01int>
    <b01inint>0.00147</b01inint>
    <b01sint>1.27</b01sint>
    <a10int>-3.07</a10int>
    <b10inint>-0.00322</b10inint>
    <b10sint>-2.683</b10sint>
    <afullraise>0.435</afullraise>
    <boutfullraise>1.95</boutfullraise>
    <bsfullraise>-0.0000231</bsfullraise>
    <bsfulllower>0.00000091</bsfulllower>
    <boutfulllower>-2.23</boutfulllower>
    <afulllower>-0.27</afulllower>
    <aSFlower>-2.294</aSFlower>
    <bSFlower>1.522</bSFlower>
    <shapelower>1.708</shapelower>
    </shade>
    <shade>
    <id>16</id>
    <name>106-06-39</name>
    <a01arr>-5.57</a01arr>
    <b01inarr>0.00101</b01inarr>
    <b01sarr>2.17</b01sarr>
    <a10arr>-0.96</a10arr>
    <b10inarr>-0.00413</b10inarr>
    <b10sarr>-3.139</b10sarr>
    <a01int>-7.64</a01int>
    <b01inint>0.00087</b01inint>
    <b01sint>1.27</b01sint>
    <a10int>-3.96</a10int>
    <b10inint>-0.00312</b10inint>
    <b10sint>-2.683</b10sint>
    <afullraise>0.435</afullraise>
    <boutfullraise>1.95</boutfullraise>
    <bsfullraise>-0.0000231</bsfullraise>
    <bsfulllower>0.00000091</bsfulllower>
    <boutfulllower>-2.23</boutfulllower>
    <afulllower>-0.27</afulllower>
    <aSFlower>-2.294</aSFlower>
    <bSFlower>1.522</bSFlower>
    <shapelower>1.708</shapelower>
    </shade>
    <shade>
    <id>17</id>
    <name>201-31</name>
    <a01arr>-6.25</a01arr>
    <b01inarr>0.00107</b01inarr>
    <b01sarr>2.17</b01sarr>
    <a10arr>-0.49</a10arr>
    <b10inarr>-0.00612</b10inarr>
    <b10sarr>-3.139</b10sarr>
    <a01int>-8.04</a01int>
    <b01inint>0.00083</b01inint>
    <b01sint>1.27</b01sint>
    <a10int>-3.39</a10int>
    <b10inint>-0.00473</b10inint>
    <b10sint>-2.683</b10sint>
    <afullraise>0.435</afullraise>
    <boutfullraise>1.95</boutfullraise>
    <bsfullraise>-0.0000231</bsfullraise>
    <bsfulllower>0.00000091</bsfulllower>
    <boutfulllower>-2.23</boutfulllower>
    <afulllower>-0.27</afulllower>
    <aSFlower>-2.294</aSFlower>
    <bSFlower>1.522</bSFlower>
    <shapelower>1.708</shapelower>
  </shade>
    <shade>
    <id>18</id>
    <name>202-05-33</name>
    <a01arr>-5.56</a01arr>
    <b01inarr>0.00088</b01inarr>
    <b01sarr>2.17</b01sarr>
    <a10arr>1.03</a10arr>
    <b10inarr>-0.00785</b10inarr>
    <b10sarr>-3.139</b10sarr>
    <a01int>-6.78</a01int>
    <b01inint>0.0007</b01inint>
    <b01sint>1.27</b01sint>
    <a10int>-1.05</a10int>
    <b10inint>-0.00666</b10inint>
    <b10sint>-2.683</b10sint>
    <afullraise>0.435</afullraise>
    <boutfullraise>1.95</boutfullraise>
    <bsfullraise>-0.0000231</bsfullraise>
    <bsfulllower>0.00000091</bsfulllower>
    <boutfulllower>-2.23</boutfulllower>
    <afulllower>-0.27</afulllower>
    <aSFlower>-2.294</aSFlower>
    <bSFlower>1.522</bSFlower>
    <shapelower>1.708</shapelower>
    </shade>
    <shade>
    <id>19</id>
    <name>203-09</name>
    <a01arr>-4.99</a01arr>
    <b01inarr>0.00087</b01inarr>
    <b01sarr>2.17</b01sarr>
    <a10arr>1.7</a10arr>
    <b10inarr>-0.00756</b10inarr>
    <b10sarr>-3.139</b10sarr>
    <a01int>-6.56</a01int>
    <b01inint>0.00047</b01inint>
    <b01sint>1.27</b01sint>
    <a10int>-0.22</a10int>
    <b10inint>-0.00648</b10inint>
    <b10sint>-2.683</b10sint>
    <afullraise>0.435</afullraise>
    <boutfullraise>1.95</boutfullraise>
    <bsfullraise>-0.0000231</bsfullraise>
    <bsfulllower>0.00000091</bsfulllower>
    <boutfulllower>-2.23</boutfulllower>
    <afulllower>-0.27</afulllower>
    <aSFlower>-2.294</aSFlower>
    <bSFlower>1.522</bSFlower>
    <shapelower>1.708</shapelower>
    </shade>
    <shade>
    <id>20</id>
    <name>203-08-14</name>
    <a01arr>-4.91</a01arr>
    <b01inarr>0.00019</b01inarr>
    <b01sarr>2.17</b01sarr>
    <a10arr>-3.98</a10arr>
    <b10inarr>-0.00223</b10inarr>
    <b10sarr>-3.139</b10sarr>
    <a01int>-6.53</a01int>
    <b01inint>0.00017</b01inint>
    <b01sint>1.27</b01sint>
    <a10int>-5.18</a10int>
    <b10inint>-0.00213</b10inint>
    <b10sint>-2.683</b10sint>
    <afullraise>0.435</afullraise>
    <boutfullraise>1.95</boutfullraise>
    <bsfullraise>-0.0000231</bsfullraise>
    <bsfulllower>0.00000091</bsfulllower>
    <boutfulllower>-2.23</boutfulllower>
    <afulllower>-0.27</afulllower>
    <aSFlower>-2.294</aSFlower>
    <bSFlower>1.522</bSFlower>
    <shapelower>1.708</shapelower>
    </shade>
    <shade>
    <id>21</id>
    <name>203-12-40</name>
    <a01arr>-5.94</a01arr>
    <b01inarr>-0.00001</b01inarr>
    <b01sarr>2.17</b01sarr>
    <a10arr>-2.7</a10arr>
    <b10inarr>-0.00436</b10inarr>
    <b10sarr>-3.139</b10sarr>
    <a01int>-6.83</a01int>
    <b01inint>0.00025</b01inint>
    <b01sint>1.27</b01sint>
    <a10int>-5.6</a10int>
    <b10inint>-0.00359</b10inint>
    <b10sint>-2.683</b10sint>
    <afullraise>0.435</afullraise>
    <boutfullraise>1.95</boutfullraise>
    <bsfullraise>-0.0000231</bsfullraise>
    <bsfulllower>0.00000091</bsfulllower>
    <boutfulllower>-2.23</boutfulllower>
    <afulllower>-0.27</afulllower>
    <aSFlower>-2.294</aSFlower>
    <bSFlower>1.522</bSFlower>
    <shapelower>1.708</shapelower>
    </shade>
    <shade>
    <id>22</id>
    <name>204-18</name>
    <a01arr>-6.95</a01arr>
    <b01inarr>0.00179</b01inarr>
    <b01sarr>2.17</b01sarr>
    <a10arr>0.12</a10arr>
    <b10inarr>-0.00513</b10inarr>
    <b10sarr>-3.139</b10sarr>
    <a01int>-9.06</a01int>
    <b01inint>0.00181</b01inint>
    <b01sint>1.27</b01sint>
    <a10int>-2.26</a10int>
    <b10inint>-0.00358</b10inint>
    <b10sint>-2.683</b10sint>
    <afullraise>0.435</afullraise>
    <boutfullraise>1.95</boutfullraise>
    <bsfullraise>-0.0000231</bsfullraise>
    <bsfulllower>0.00000091</bsfulllower>
    <boutfulllower>-2.23</boutfulllower>
    <afulllower>-0.27</afulllower>
    <aSFlower>-2.294</aSFlower>
    <bSFlower>1.522</bSFlower>
    <shapelower>1.708</shapelower>
    </shade>
    <shade>
    <id>23</id>
    <name>204-10</name>
    <a01arr>-6.17</a01arr>
    <b01inarr>0.00114</b01inarr>
    <b01sarr>2.17</b01sarr>
    <a10arr>1.2</a10arr>
    <b10inarr>-0.00674</b10inarr>
    <b10sarr>-3.139</b10sarr>
    <a01int>-7.67</a01int>
    <b01inint>0.00088</b01inint>
    <b01sint>1.27</b01sint>
    <a10int>-2.61</a10int>
    <b10inint>-0.0051</b10inint>
    <b10sint>-2.683</b10sint>
    <afullraise>0.435</afullraise>
    <boutfullraise>1.95</boutfullraise>
    <bsfullraise>-0.0000231</bsfullraise>
    <bsfulllower>0.00000091</bsfulllower>
    <boutfulllower>-2.23</boutfulllower>
    <afulllower>-0.27</afulllower>
    <aSFlower>-2.294</aSFlower>
    <bSFlower>1.522</bSFlower>
    <shapelower>1.708</shapelower>
    </shade>
  </shades>
  <windows>
    <enabled>0</enabled>
    <window>
    <id>1</id>
    <aop>2.151</aop>
    <bopout>0.172</bopout>
    <shapeop>0.418</shapeop>
    <a01arr>-13.70</a01arr>
    <b01inarr>0.308</b01inarr>
    <b01outarr>0.0395</b01outarr>
    <b01absprevarr>1.862</b01absprevarr>
    <b01rnarr>-0.43</b01rnarr>
    <a01int>-11.78</a01int>
    <b01inint>0.263</b01inint>
    <b01outint>0.0394</b01outint>
    <b01presint>-0.0009</b01presint>
    <b01rnint>-0.336</b01rnint>
    <a01dep>-8.72</a01dep>
    <b01outdep>0.1352</b01outdep>
    <b01absdep>0.85</b01absdep>
    <b01gddep>0.82</b01gddep>
    <a10dep>-8.68</a10dep>
    <b10indep>0.222</b10indep>
    <b10outdep>-0.0936</b10outdep>
    <b10absdep>1.534</b10absdep>
    <b10gddep>-0.845</b10gddep>
    </window>
    <window>
    <id>2</id>
    <aop>2.151</aop>
    <bopout>0.172</bopout>
    <shapeop>0.418</shapeop>
    <a01arr>-13.9</a01arr>
    <b01inarr>0.39</b01inarr>
    <b01outarr>0.0395</b01outarr>
    <b01absprevarr>1.862</b01absprevarr>
    <b01rnarr>-0.43</b01rnarr>
    <a01int>-14.6</a01int>
    <b01inint>0.38</b01inint>
    <b01outint>0.0394</b01outint>
    <b01presint>-0.0009</b01presint>
    <b01rnint>-0.336</b01rnint>
    <a01dep>-8.4</a01dep>
    <b01outdep>0.08</b01outdep>
    <b01absdep>0.85</b01absdep>
    <b01gddep>0.82</b01gddep>
    <a10dep>-1</a10dep>
    <b10indep>0.222</b10indep>
    <b10outdep>-0.13</b10outdep>
    <b10absdep>1.534</b10absdep>
    <b10gddep>-0.845</b10gddep>
    </window>
    <window>
    <id>3</id>
    <aop>2.151</aop>
    <bopout>0.172</bopout>
    <shapeop>0.418</shapeop>
    <a01arr>-19.2</a01arr>
    <b01inarr>0.71</b01inarr>
    <b01outarr>0.0395</b01outarr>
    <b01absprevarr>1.862</b01absprevarr>
    <b01rnarr>-0.43</b01rnarr>
    <a01int>-12.8</a01int>
    <b01inint>0.34</b01inint>
    <b01outint>0.0394</b01outint>
    <b01presint>-0.0009</b01presint>
    <b01rnint>-0.336</b01rnint>
    <a01dep>-5.7</a01dep>
    <b01outdep>0.08</b01outdep>
    <b01absdep>0.85</b01absdep>
    <b01gddep>0.82</b01gddep>
    <a10dep>-3.1</a10dep>
    <b10indep>0.222</b10indep>
    <b10outdep>0.06</b10outdep>
    <b10absdep>1.534</b10absdep>
    <b10gddep>-0.845</b10gddep>
    </window>
    <window>
    <id>4</id>
    <aop>2.151</aop>
    <bopout>0.172</bopout>
    <shapeop>0.418</shapeop>
    <a01arr>-18.5</a01arr>
    <b01inarr>0.67</b01inarr>
    <b01outarr>0.0395</b01outarr>
    <b01absprevarr>1.862</b01absprevarr>
    <b01rnarr>-0.43</b01rnarr>
    <a01int>-14.4</a01int>
    <b01inint>0.4</b01inint>
    <b01outint>0.0394</b01outint>
    <b01presint>-0.0009</b01presint>
    <b01rnint>-0.336</b01rnint>
    <a01dep>-8.72</a01dep>
    <b01outdep>0.1352</b01outdep>
    <b01absdep>0.85</b01absdep>
    <b01gddep>0.82</b01gddep>
    <a10dep>-1.1</a10dep>
    <b10indep>0.222</b10indep>
    <b10outdep>-0.07</b10outdep>
    <b10absdep>1.534</b10absdep>
    <b10gddep>-0.845</b10gddep>
    </window>
    <window>
    <id>5</id>
    <aop>2.151</aop>
    <bopout>0.172</bopout>
    <shapeop>0.418</shapeop>
    <a01arr>-5.6</a01arr>
    <b01inarr>0.12</b01inarr>
    <b01outarr>0.0395</b01outarr>
    <b01absprevarr>1.862</b01absprevarr>
    <b01rnarr>-0.43</b01rnarr>
    <a01int>-10.9</a01int>
    <b01inint>0.27</b01inint>
    <b01outint>0.0394</b01outint>
    <b01presint>-0.0009</b01presint>
    <b01rnint>-0.336</b01rnint>
    <a01dep>-9.1</a01dep>
    <b01outdep>0.22</b01outdep>
    <b01absdep>0.85</b01absdep>
    <b01gddep>0.82</b01gddep>
    <a10dep>-1.8</a10dep>
    <b10indep>0.222</b10indep>
    <b10outdep>-0.06</b10outdep>
    <b10absdep>1.534</b10absdep>
    <b10gddep>-0.845</b10gddep>
    </window>
    <window>
    <id>6</id>
    <aop>2.151</aop>
    <bopout>0.172</bopout>
    <shapeop>0.418</shapeop>
    <a01arr>-28.4</a01arr>
    <b01inarr>1.04</b01inarr>
    <b01outarr>0.0395</b01outarr>
    <b01absprevarr>1.862</b01absprevarr>
    <b01rnarr>-0.43</b01rnarr>
    <a01int>-26.3</a01int>
    <b01inint>0.88</b01inint>
    <b01outint>0.0394</b01outint>
    <b01presint>-0.0009</b01presint>
    <b01rnint>-0.336</b01rnint>
    <a01dep>-11.3</a01dep>
    <b01outdep>0.45</b01outdep>
    <b01absdep>0.85</b01absdep>
    <b01gddep>0.82</b01gddep>
    <a10dep>-3.5</a10dep>
    <b10indep>0.222</b10indep>
    <b10outdep>0.18</b10outdep>
    <b10absdep>1.534</b10absdep>
    <b10gddep>-0.845</b10gddep>
    </window>
    <window>
    <id>7</id>
    <aop>2.151</aop>
    <bopout>0.172</bopout>
    <shapeop>0.418</shapeop>
    <a01arr>-20.7</a01arr>
    <b01inarr>0.71</b01inarr>
    <b01outarr>0.0395</b01outarr>
    <b01absprevarr>1.862</b01absprevarr>
    <b01rnarr>-0.43</b01rnarr>
    <a01int>-20.4</a01int>
    <b01inint>0.63</b01inint>
    <b01outint>0.0394</b01outint>
    <b01presint>-0.0009</b01presint>
    <b01rnint>-0.336</b01rnint>
    <a01dep>-7.5</a01dep>
    <b01outdep>0.13</b01outdep>
    <b01absdep>0.85</b01absdep>
    <b01gddep>0.82</b01gddep>
    <a10dep>0.2</a10dep>
    <b10indep>0.222</b10indep>
    <b10outdep>-0.09</b10outdep>
    <b10absdep>1.534</b10absdep>
    <b10gddep>-0.845</b10gddep>
    </window>
    <window>
    <id>8</id>
    <aop>2.151</aop>
    <bopout>0.172</bopout>
    <shapeop>0.418</shapeop>
    <a01arr>-19.9</a01arr>
    <b01inarr>0.71</b01inarr>
    <b01outarr>0.0395</b01outarr>
    <b01absprevarr>1.862</b01absprevarr>
    <b01rnarr>-0.43</b01rnarr>
    <a01int>-10.5</a01int>
    <b01inint>0.21</b01inint>
    <b01outint>0.0394</b01outint>
    <b01presint>-0.0009</b01presint>
    <b01rnint>-0.336</b01rnint>
    <a01dep>-8.2</a01dep>
    <b01outdep>0.16</b01outdep>
    <b01absdep>0.85</b01absdep>
    <b01gddep>0.82</b01gddep>
    <a10dep>-3.8</a10dep>
    <b10indep>0.222</b10indep>
    <b10outdep>0.07</b10outdep>
    <b10absdep>1.534</b10absdep>
    <b10gddep>-0.845</b10gddep>
    </window>
    <window>
    <id>9</id>
    <aop>2.151</aop>
    <bopout>0.172</bopout>
    <shapeop>0.418</shapeop>
    <a01arr>-7.5</a01arr>
    <b01inarr>0.22</b01inarr>
    <b01outarr>0.0395</b01outarr>
    <b01absprevarr>1.862</b01absprevarr>
    <b01rnarr>-0.43</b01rnarr>
    <a01int>-18.2</a01int>
    <b01inint>0.61</b01inint>
    <b01outint>0.0394</b01outint>
    <b01presint>-0.0009</b01presint>
    <b01rnint>-0.336</b01rnint>
    <a01dep>-7</a01dep>
    <b01outdep>0.18</b01outdep>
    <b01absdep>0.85</b01absdep>
    <b01gddep>0.82</b01gddep>
    <a10dep>0.6</a10dep>
    <b10indep>0.222</b10indep>
    <b10outdep>-0.18</b10outdep>
    <b10absdep>1.534</b10absdep>
    <b10gddep>-0.845</b10gddep>
    </window>
    <window>
    <id>10</id>
    <aop>2.151</aop>
    <bopout>0.172</bopout>
    <shapeop>0.418</shapeop>
    <a01arr>-20.1</a01arr>
    <b01inarr>0.65</b01inarr>
    <b01outarr>0.0395</b01outarr>
    <b01absprevarr>1.862</b01absprevarr>
    <b01rnarr>-0.43</b01rnarr>
    <a01int>-16.9</a01int>
    <b01inint>0.42</b01inint>
    <b01outint>0.0394</b01outint>
    <b01presint>-0.0009</b01presint>
    <b01rnint>-0.336</b01rnint>
    <a01dep>-7.6</a01dep>
    <b01outdep>0.05</b01outdep>
    <b01absdep>0.85</b01absdep>
    <b01gddep>0.82</b01gddep>
    <a10dep>-3.5</a10dep>
    <b10indep>0.222</b10indep>
    <b10outdep>-0.01</b10outdep>
    <b10absdep>1.534</b10absdep>
    <b10gddep>-0.845</b10gddep>
    </window>
    <window>
    <id>11</id>
    <aop>2.151</aop>
    <bopout>0.172</bopout>
    <shapeop>0.418</shapeop>
    <a01arr>-17.4</a01arr>
    <b01inarr>0.58</b01inarr>
    <b01outarr>0.0395</b01outarr>
    <b01absprevarr>1.862</b01absprevarr>
    <b01rnarr>-0.43</b01rnarr>
    <a01int>-15.9</a01int>
    <b01inint>0.44</b01inint>
    <b01outint>0.0394</b01outint>
    <b01presint>-0.0009</b01presint>
    <b01rnint>-0.336</b01rnint>
    <a01dep>-8</a01dep>
    <b01outdep>0.16</b01outdep>
    <b01absdep>0.85</b01absdep>
    <b01gddep>0.82</b01gddep>
    <a10dep>-1</a10dep>
    <b10indep>0.222</b10indep>
    <b10outdep>-0.19</b10outdep>
    <b10absdep>1.534</b10absdep>
    <b10gddep>-0.845</b10gddep>
    </window>
    <window>
    <id>12</id>
    <aop>2.151</aop>
    <bopout>0.172</bopout>
    <shapeop>0.418</shapeop>
    <a01arr>-26.2</a01arr>
    <b01inarr>0.97</b01inarr>
    <b01outarr>0.0395</b01outarr>
    <b01absprevarr>1.862</b01absprevarr>
    <b01rnarr>-0.43</b01rnarr>
    <a01int>-20.3</a01int>
    <b01inint>0.67</b01inint>
    <b01outint>0.0394</b01outint>
    <b01presint>-0.0009</b01presint>
    <b01rnint>-0.336</b01rnint>
    <a01dep>-8.72</a01dep>
    <b01outdep>0.1352</b01outdep>
    <b01absdep>0.85</b01absdep>
    <b01gddep>0.82</b01gddep>
    <a10dep>-0.2</a10dep>
    <b10indep>0.222</b10indep>
    <b10outdep>-0.23</b10outdep>
    <b10absdep>1.534</b10absdep>
    <b10gddep>-0.845</b10gddep>
    </window>
    <window>
    <id>13</id>
    <aop>2.151</aop>
    <bopout>0.172</bopout>
    <shapeop>0.418</shapeop>
    <a01arr>-4.1</a01arr>
    <b01inarr>0.05</b01inarr>
    <b01outarr>0.0395</b01outarr>
    <b01absprevarr>1.862</b01absprevarr>
    <b01rnarr>-0.43</b01rnarr>
    <a01int>-14.9</a01int>
    <b01inint>0.41</b01inint>
    <b01outint>0.0394</b01outint>
    <b01presint>-0.0009</b01presint>
    <b01rnint>-0.336</b01rnint>
    <a01dep>-5.4</a01dep>
    <b01outdep>0.03</b01outdep>
    <b01absdep>0.85</b01absdep>
    <b01gddep>0.82</b01gddep>
    <a10dep>-3.1</a10dep>
    <b10indep>0.222</b10indep>
    <b10outdep>-0.08</b10outdep>
    <b10absdep>1.534</b10absdep>
    <b10gddep>-0.845</b10gddep>
    </window>
    <window>
    <id>14</id>
    <aop>2.151</aop>
    <bopout>0.172</bopout>
    <shapeop>0.418</shapeop>
    <a01arr>-27.9</a01arr>
    <b01inarr>0.91</b01inarr>
    <b01outarr>0.0395</b01outarr>
    <b01absprevarr>1.862</b01absprevarr>
    <b01rnarr>-0.43</b01rnarr>
    <a01int>-32.5</a01int>
    <b01inint>1.06</b01inint>
    <b01outint>0.0394</b01outint>
    <b01presint>-0.0009</b01presint>
    <b01rnint>-0.336</b01rnint>
    <a01dep>-8.1</a01dep>
    <b01outdep>0.13</b01outdep>
    <b01absdep>0.85</b01absdep>
    <b01gddep>0.82</b01gddep>
    <a10dep>0.2</a10dep>
    <b10indep>0.222</b10indep>
    <b10outdep>-0.21</b10outdep>
    <b10absdep>1.534</b10absdep>
    <b10gddep>-0.845</b10gddep>
    </window>
    <window>
    <id>15</id>
    <aop>2.151</aop>
    <bopout>0.172</bopout>
    <shapeop>0.418</shapeop>
    <a01arr>-12.8</a01arr>
    <b01inarr>0.37</b01inarr>
    <b01outarr>0.0395</b01outarr>
    <b01absprevarr>1.862</b01absprevarr>
    <b01rnarr>-0.43</b01rnarr>
    <a01int>-13.6</a01int>
    <b01inint>0.28</b01inint>
    <b01outint>0.0394</b01outint>
    <b01presint>-0.0009</b01presint>
    <b01rnint>-0.336</b01rnint>
    <a01dep>-9.1</a01dep>
    <b01outdep>0.16</b01outdep>
    <b01absdep>0.85</b01absdep>
    <b01gddep>0.82</b01gddep>
    <a10dep>-6.7</a10dep>
    <b10indep>0.222</b10indep>
    <b10outdep>0.1</b10outdep>
    <b10absdep>1.534</b10absdep>
    <b10gddep>-0.845</b10gddep>
    </window>
    <window>
    <id>16</id>
    <aop>2.151</aop>
    <bopout>0.172</bopout>
    <shapeop>0.418</shapeop>
    <a01arr>-13.70</a01arr>
    <b01inarr>0.308</b01inarr>
    <b01outarr>0.0395</b01outarr>
    <b01absprevarr>1.862</b01absprevarr>
    <b01rnarr>-0.43</b01rnarr>
    <a01int>-17</a01int>
    <b01inint>0.44</b01inint>
    <b01outint>0.0394</b01outint>
    <b01presint>-0.0009</b01presint>
    <b01rnint>-0.336</b01rnint>
    <a01dep>-8.72</a01dep>
    <b01outdep>0.1352</b01outdep>
    <b01absdep>0.85</b01absdep>
    <b01gddep>0.82</b01gddep>
    <a10dep>-8.68</a10dep>
    <b10indep>0.222</b10indep>
    <b10outdep>-0.0936</b10outdep>
    <b10absdep>1.534</b10absdep>
    <b10gddep>-0.845</b10gddep>
    </window>
    <window>
    <id>17</id>
    <aop>2.151</aop>
    <bopout>0.172</bopout>
    <shapeop>0.418</shapeop>
    <a01arr>-28</a01arr>
    <b01inarr>1.04</b01inarr>
    <b01outarr>0.0395</b01outarr>
    <b01absprevarr>1.862</b01absprevarr>
    <b01rnarr>-0.43</b01rnarr>
    <a01int>-13.2</a01int>
    <b01inint>0.39</b01inint>
    <b01outint>0.0394</b01outint>
    <b01presint>-0.0009</b01presint>
    <b01rnint>-0.336</b01rnint>
    <a01dep>-8.72</a01dep>
    <b01outdep>0.1352</b01outdep>
    <b01absdep>0.85</b01absdep>
    <b01gddep>0.82</b01gddep>
    <a10dep>-5.3</a10dep>
    <b10indep>0.222</b10indep>
    <b10outdep>0.25</b10outdep>
    <b10absdep>1.534</b10absdep>
    <b10gddep>-0.845</b10gddep>
    </window>
    <window>
    <id>18</id>
    <aop>2.151</aop>
    <bopout>0.172</bopout>
    <shapeop>0.418</shapeop>
    <a01arr>-24.9</a01arr>
    <b01inarr>0.81</b01inarr>
    <b01outarr>0.0395</b01outarr>
    <b01absprevarr>1.862</b01absprevarr>
    <b01rnarr>-0.43</b01rnarr>
    <a01int>-24.5</a01int>
    <b01inint>0.72</b01inint>
    <b01outint>0.0394</b01outint>
    <b01presint>-0.0009</b01presint>
    <b01rnint>-0.336</b01rnint>
    <a01dep>-11.9</a01dep>
    <b01outdep>0.31</b01outdep>
    <b01absdep>0.85</b01absdep>
    <b01gddep>0.82</b01gddep>
    <a10dep>-8.1</a10dep>
    <b10indep>0.222</b10indep>
    <b10outdep>0.2</b10outdep>
    <b10absdep>1.534</b10absdep>
    <b10gddep>-0.845</b10gddep>
    </window>
    <window>
    <id>19</id>
    <aop>2.151</aop>
    <bopout>0.172</bopout>
    <shapeop>0.418</shapeop>
    <a01arr>-13.3</a01arr>
    <b01inarr>0.42</b01inarr>
    <b01outarr>0.0395</b01outarr>
    <b01absprevarr>1.862</b01absprevarr>
    <b01rnarr>-0.43</b01rnarr>
    <a01int>-14.8</a01int>
    <b01inint>0.44</b01inint>
    <b01outint>0.0394</b01outint>
    <b01presint>-0.0009</b01presint>
    <b01rnint>-0.336</b01rnint>
    <a01dep>-6.2</a01dep>
    <b01outdep>0.09</b01outdep>
    <b01absdep>0.85</b01absdep>
    <b01gddep>0.82</b01gddep>
    <a10dep>-2.2</a10dep>
    <b10indep>0.222</b10indep>
    <b10outdep>-0.08</b10outdep>
    <b10absdep>1.534</b10absdep>
    <b10gddep>-0.845</b10gddep>
    </window>
    <window>
    <id>20</id>
    <aop>2.151</aop>
    <bopout>0.172</bopout>
    <shapeop>0.418</shapeop>
    <a01arr>-19.4</a01arr>
    <b01inarr>0.67</b01inarr>
    <b01outarr>0.0395</b01outarr>
    <b01absprevarr>1.862</b01absprevarr>
    <b01rnarr>-0.43</b01rnarr>
    <a01int>-22.2</a01int>
    <b01inint>0.67</b01inint>
    <b01outint>0.0394</b01outint>
    <b01presint>-0.0009</b01presint>
    <b01rnint>-0.336</b01rnint>
    <a01dep>-8.5</a01dep>
    <b01outdep>0.21</b01outdep>
    <b01absdep>0.85</b01absdep>
    <b01gddep>0.82</b01gddep>
    <a10dep>-3</a10dep>
    <b10indep>0.222</b10indep>
    <b10outdep>-0.03</b10outdep>
    <b10absdep>1.534</b10absdep>
    <b10gddep>-0.845</b10gddep>
    </window>
    <window>
    <id>21</id>
    <aop>2.151</aop>
    <bopout>0.172</bopout>
    <shapeop>0.418</shapeop>
    <a01arr>-12.3</a01arr>
    <b01inarr>0.39</b01inarr>
    <b01outarr>0.0395</b01outarr>
    <b01absprevarr>1.862</b01absprevarr>
    <b01rnarr>-0.43</b01rnarr>
    <a01int>-15.5</a01int>
    <b01inint>0.43</b01inint>
    <b01outint>0.0394</b01outint>
    <b01presint>-0.0009</b01presint>
    <b01rnint>-0.336</b01rnint>
    <a01dep>-6.4</a01dep>
    <b01outdep>0.2</b01outdep>
    <b01absdep>0.85</b01absdep>
    <b01gddep>0.82</b01gddep>
    <a10dep>-2.9</a10dep>
    <b10indep>0.222</b10indep>
    <b10outdep>-0.08</b10outdep>
    <b10absdep>1.534</b10absdep>
    <b10gddep>-0.845</b10gddep>
    </window>
    <window>
    <id>22</id>
    <aop>2.151</aop>
    <bopout>0.172</bopout>
    <shapeop>0.418</shapeop>
    <a01arr>-7.4</a01arr>
    <b01inarr>0.18</b01inarr>
    <b01outarr>0.0395</b01outarr>
    <b01absprevarr>1.862</b01absprevarr>
    <b01rnarr>-0.43</b01rnarr>
    <a01int>-12.7</a01int>
    <b01inint>0.3</b01inint>
    <b01outint>0.0394</b01outint>
    <b01presint>-0.0009</b01presint>
    <b01rnint>-0.336</b01rnint>
    <a01dep>-8.1</a01dep>
    <b01outdep>0.14</b01outdep>
    <b01absdep>0.85</b01absdep>
    <b01gddep>0.82</b01gddep>
    <a10dep>-2.6</a10dep>
    <b10indep>0.222</b10indep>
    <b10outdep>-0.16</b10outdep>
    <b10absdep>1.534</b10absdep>
    <b10gddep>-0.845</b10gddep>
    </window>
    <window>
    <id>23</id>
    <aop>2.151</aop>
    <bopout>0.172</bopout>
    <shapeop>0.418</shapeop>
    <a01arr>-18.5</a01arr>
    <b01inarr>0.71</b01inarr>
    <b01outarr>0.0395</b01outarr>
    <b01absprevarr>1.862</b01absprevarr>
    <b01rnarr>-0.43</b01rnarr>
    <a01int>-27</a01int>
    <b01inint>0.93</b01inint>
    <b01outint>0.0394</b01outint>
    <b01presint>-0.0009</b01presint>
    <b01rnint>-0.336</b01rnint>
    <a01dep>-6.6</a01dep>
    <b01outdep>0.14</b01outdep>
    <b01absdep>0.85</b01absdep>
    <b01gddep>0.82</b01gddep>
    <a10dep>-1.3</a10dep>
    <b10indep>0.222</b10indep>
    <b10outdep>-0.13</b10outdep>
    <b10absdep>1.534</b10absdep>
    <b10gddep>-0.845</b10gddep>
    </window>
    <window>
    <id>24</id>
    <aop>2.151</aop>
    <bopout>0.172</bopout>
    <shapeop>0.418</shapeop>
    <a01arr>-15.2</a01arr>
    <b01inarr>0.48</b01inarr>
    <b01outarr>0.0395</b01outarr>
    <b01absprevarr>1.862</b01absprevarr>
    <b01rnarr>-0.43</b01rnarr>
    <a01int>-18.5</a01int>
    <b01inint>0.5</b01inint>
    <b01outint>0.0394</b01outint>
    <b01presint>-0.0009</b01presint>
    <b01rnint>-0.336</b01rnint>
    <a01dep>-8.3</a01dep>
    <b01outdep>0.14</b01outdep>
    <b01absdep>0.85</b01absdep>
    <b01gddep>0.82</b01gddep>
    <a10dep>-3.2</a10dep>
    <b10indep>0.222</b10indep>
    <b10outdep>-0.04</b10outdep>
    <b10absdep>1.534</b10absdep>
    <b10gddep>-0.845</b10gddep>
    </window>
    <window>
    <id>25</id>
    <aop>2.151</aop>
    <bopout>0.172</bopout>
    <shapeop>0.418</shapeop>
    <a01arr>9.3</a01arr>
    <b01inarr>-0.42</b01inarr>
    <b01outarr>0.0395</b01outarr>
    <b01absprevarr>1.862</b01absprevarr>
    <b01rnarr>-0.43</b01rnarr>
    <a01int>-9.9</a01int>
    <b01inint>0.25</b01inint>
    <b01outint>0.0394</b01outint>
    <b01presint>-0.0009</b01presint>
    <b01rnint>-0.336</b01rnint>
    <a01dep>-3.6</a01dep>
    <b01outdep>0.07</b01outdep>
    <b01absdep>0.85</b01absdep>
    <b01gddep>0.82</b01gddep>
    <a10dep>4.0</a10dep>
    <b10indep>0.222</b10indep>
    <b10outdep>-0.51</b10outdep>
    <b10absdep>1.534</b10absdep>
    <b10gddep>-0.845</b10gddep>
    </window>
    <window>
    <id>26</id>
    <aop>2.151</aop>
    <bopout>0.172</bopout>
    <shapeop>0.418</shapeop>
    <a01arr>-14.4</a01arr>
    <b01inarr>0.49</b01inarr>
    <b01outarr>0.0395</b01outarr>
    <b01absprevarr>1.862</b01absprevarr>
    <b01rnarr>-0.43</b01rnarr>
    <a01int>-23.5</a01int>
    <b01inint>0.77</b01inint>
    <b01outint>0.0394</b01outint>
    <b01presint>-0.0009</b01presint>
    <b01rnint>-0.336</b01rnint>
    <a01dep>-7.8</a01dep>
    <b01outdep>0.22</b01outdep>
    <b01absdep>0.85</b01absdep>
    <b01gddep>0.82</b01gddep>
    <a10dep>-1.5</a10dep>
    <b10indep>0.222</b10indep>
    <b10outdep>-0.14</b10outdep>
    <b10absdep>1.534</b10absdep>
    <b10gddep>-0.845</b10gddep>
    </window>
  </windows>
  <lights>0</lights>
</models>
</simulation>
